SpeciesSciName,fishbaseName,Genus,Species,Loo,K,Winfinity,tmax,tm,M,Lm,Temperature,maximum.length,Ecotype,common.name,LFI_Fung_list,DEMPEL,Order,Group,LFI_OSPAR_list
Acantholabrus palloni,Acantholabrus palloni,Acantholabrus,palloni,5.861085737,-2.322949644,13.4008837,3.207667402,2.056848155,-1.881665439,5.167960435,15.86916669,31,Demersal,Scale-rayed wrasse,,Demersal,Perciformes,Other,Demersal
Aetomylaeus bovinus,Pteromylaeus bovinus,Pteromylaeus,bovinus,110.3893718,0.145679052,5466.432554,14.59248621,5.286349131,0.278446742,57.50201721,18.02435277,142,Benthopelagic,Bull ray,,Demersal,Myliobatiformes,Elasmobranchii,Demersal
Agonus cataphractus,Agonus cataphractus,Agonus,cataphractus,14.96218155,0.482797354,23.43946415,3.754293568,1.320116081,1.087639884,8.207854411,12.04026407,23,Demersal,Hooknose,Demersal,Demersal,Scorpaeniformes,Scorpaeniformes,Demersal
Alepocephalus bairdii,Alepocephalus bairdii,Alepocephalus,bairdii,61.91951366,0.134920691,2180.729244,26.7541413,8.601891614,0.221208492,40.67824879,9.947288073,31,Bathypelagic,Baird's slickhead,Demersal,Demersal,Osmeriformes,Other,Pelagic
Alepocephalus rostratus,Alepocephalus rostratus,Alepocephalus,rostratus,34.99369428,0.216259604,404.2607819,15.49468656,5.107913858,0.378380871,23.47913591,11.6403774,59,Bathydemersal,Risso's smooth-head,,Demersal,Osmeriformes,Other,Demersal
Alosa,Oreochromis niloticus,Oreochromis,niloticus,24.97865234,2.028049158,411.0415687,5.878644224,1.137615738,1.627238776,20.98252884,25.3208835,47,Pelagic,Alosa,,Pelagic,Clupeiformes,Other,Pelagic
Alosa agone,Alosa agone,Alosa,agone,32.2352235,0.395850605,327.5860047,8.270754389,2.343134429,0.604273908,18.68128799,18.96208352,48,Pelagic,Agone,,Pelagic,Clupeiformes,Other,Pelagic
Alosa alosa,Alosa alosa,Alosa,alosa,67.84861926,0.312701356,3548.625076,10.44936425,3.000159251,0.465283476,36.85169211,19.84072578,69,Pelagic,Allis shad,,Pelagic,Clupeiformes,Other,Pelagic
Alosa fallax,Alosa fallax,Alosa,fallax,51.12125701,0.326346629,1248.699765,13.21282372,3.086096771,0.425035321,28.19650141,19.19619667,52,Pelagic,Twaite shad,,Pelagic,Clupeiformes,Other,Pelagic
Amblyraja radiata,Amblyraja radiata,Amblyraja,radiata,90.13534384,0.117085901,3986.722986,16.38698108,7.331823696,0.230668335,54.0158443,12.07381593,84,Demersal,Starry ray,Demersal,Demersal,Rajiformes,Elasmobranchii,Demersal
Ammodytidae,Oreochromis niloticus,Oreochromis,niloticus,24.97865234,2.028049158,411.0415687,5.878644224,1.137615738,1.627238776,20.98252884,25.3208835,54,Demersal,Sandeel,,Demersal,Perciformes,Other,Demersal
Anarhichas lupus,Anarhichas lupus,Anarhichas,lupus,126.211868,0.08355679,20218.6595,33.25780302,8.527846551,0.134972578,65.87790021,6.971175198,109,Demersal,Catfish,Demersal,Demersal,Perciformes,Other,Demersal
Anarhichas minor,Anarhichas minor,Anarhichas,minor,149.6982264,0.102126289,5603.162658,25.93568027,6.369736222,0.150704444,70.59280445,5.298232165,69,Demersal,Spotted catfish,,Demersal,Perciformes,Other,Demersal
Anguilla anguilla,Anguilla anguilla,Anguilla,anguilla,73.15660241,0.146120183,623.0901268,13.92377676,3.839594565,0.241325375,33.42601242,14.74786855,100,Demersal,European eel,Demersal,Demersal,Anguilliformes,Other,Demersal
Anthias anthias,Anthias anthias,Anthias,anthias,46.51598043,0.244285882,1222.822091,13.30215739,4.171935173,0.419867045,27.24055371,23.15632624,23,Demersal,Swallowtail seaperch,,Demersal,Perciformes,Other,Demersal
Aphanopus carbo,Aphanopus carbo,Aphanopus,carbo,133.3546069,0.196624737,3475.468447,12.93002436,3.110418729,0.301365657,57.64782503,16.27021443,109,Bathypelagic,Black scabbard,,Demersal,Perciformes,Other,Pelagic
Apletodon dentatus,Apletodon dentatus,Apletodon,dentatus,8.749922504,0.701983078,6.998484994,3.774061695,1.083017178,1.336621101,5.445207647,17.92399521,3,Demersal,Small-headed clingfish,,Demersal,Gobiesociformes,Other,Demersal
Arctozenus risso,Arctozenus risso,Arctozenus,risso,23.10341333,0.59904822,73.24824092,4.473815881,1.316700025,1.006509349,13.44051952,13.55849016,33,Bathypelagic,Spotted barracudina,,Demersal,Aulopiformes,Other,Pelagic
Argentina,Argentina silus,Argentina,silus,32.98857492,0.287467855,407.4451263,15.21263812,5.101870994,0.477813604,24.31750737,9.423316458,53.5,Bathydemersal,Argentine,,Demersal,Osmeriformes,Other,Demersal
Argentina silus,Argentina silus,Argentina,silus,43.81981139,0.199122535,717.3773123,21.54117433,7.118031866,0.288276196,32.906219,6.795460668,69,Bathydemersal,Greater argentine,,Demersal,Osmeriformes,Other,Demersal
Argentina sphyraena,Argentina sphyraena,Argentina,sphyraena,22.15733845,0.375813176,97.51294034,8.884101912,3.085710123,0.667351012,15.72879573,12.05117225,38,Bathydemersal,Lesser argentine,,Demersal,Osmeriformes,Other,Demersal
Argyropelecus aculeatus,Argyropelecus aculeatus,Argyropelecus,aculeatus,11.49192605,0.608201735,10.67245936,4.277636275,1.251687813,1.009344276,7.39771444,6.552362183,3,Bathypelagic,Lovely hatchetfish,,Demersal,Stomiiformes,Other,Pelagic
Argyropelecus gigas,Argyropelecus gigas,Argyropelecus,gigas,11.49192605,0.608201735,10.67245936,4.277636275,1.251687813,1.009344276,7.39771444,6.552362183,4,Bathypelagic,Hatchetfish,,Demersal,Stomiiformes,Other,Pelagic
Argyropelecus hemigymnus,Argyropelecus hemigymnus,Argyropelecus,hemigymnus,11.49192605,0.608201735,10.67245936,4.277636275,1.251687813,1.009344276,7.39771444,6.552362183,5,Bathypelagic,Half-naked hatchetfish,,Demersal,Stomiiformes,Other,Pelagic
Argyropelecus olfersii,Argyropelecus olfersii,Argyropelecus,olfersii,11.49192605,0.608201735,10.67245936,4.277636275,1.251687813,1.009344276,7.39771444,6.552362183,10,Bathypelagic,Hatchetfish,,Demersal,Stomiiformes,Other,Pelagic
Argyrosomus regius,Argyrosomus regius,Argyrosomus,regius,136.4697587,0.126074544,23491.07208,33.84716083,7.837160703,0.174337641,74.83945026,16.10239846,113,Benthopelagic,Meagre,,Demersal,Perciformes,Other,Demersal
Arnoglossus imperialis,Arnoglossus imperialis,Arnoglossus,imperialis,19.13476511,0.393017177,47.64096245,7.590466386,1.526842071,0.56344153,9.665126832,13.36343124,22,Demersal,Imperial scaldfish,Demersal,Demersal,Pleuronectiformes,Pleuronectiformes,Demersal
Arnoglossus laterna,Arnoglossus laterna,Arnoglossus,laterna,15.67444346,0.385954282,22.83342385,6.49233372,1.287849988,0.594255972,7.461048713,13.25335373,27,Demersal,Scaldfish,Demersal,Demersal,Pleuronectiformes,Pleuronectiformes,Demersal
Arnoglossus rueppelii,Arnoglossus rueppelii,Arnoglossus,rueppelii,19.13476511,0.393017177,47.64096245,7.590466386,1.526842071,0.56344153,9.665126832,13.36343124,20,Demersal,Ruppell's scaldback,,Demersal,Pleuronectiformes,Pleuronectiformes,Demersal
Arnoglossus thori,Arnoglossus thori,Arnoglossus,thori,18.74815716,0.409617703,43.27191969,8.568386456,1.648340917,0.527915221,9.987810726,11.52725887,16,Demersal,Thor's scaldfish,,Demersal,Pleuronectiformes,Pleuronectiformes,Demersal
Artediellus atlanticus,Artediellus atlanticus,Artediellus,atlanticus,22.26768489,0.204442134,115.4497791,10.99098974,3.398194278,0.35722705,13.11203614,5.745032074,12,Demersal,Atlantic hookear sculpin,,Demersal,Scorpaeniformes,Scorpaeniformes,Demersal
Atherina presbyter,Atherina presbyter,Atherina,presbyter,13.02247289,0.519597182,20.93599615,4.436200587,1.389908084,0.97821588,8.024854283,13.73155077,16,Pelagic,Sand smelt,,Pelagic,Atheriniformes,Other,Pelagic
Auxis rochei rochei,Auxis rochei,Auxis,rochei,51.43722137,0.420351761,1415.311286,6.904657611,1.953144705,0.70798452,28.64027105,20.39510335,44,Pelagic,Bullet tuna,,Pelagic,Perciformes,Other,Pelagic
Balistes capriscus,Balistes capriscus,Balistes,capriscus,40.32065152,0.304776504,1250.016224,6.202053482,2.26262164,0.937330546,20.15813964,22.77480544,46,Demersal,Grey triggerfish,,Demersal,Tetraodontiformes,Other,Demersal
Bathysolea profundicola,Bathysolea profundicola,Bathysolea,profundicola,17.74893992,0.504065225,48.94299206,7.930506777,1.632020143,0.603344133,10.89410925,15.29506162,27,Bathypelagic,Deepwater sole,,Demersal,Pleuronectiformes,Pleuronectiformes,Pelagic
Bellottia apoda,Bellottia apoda,Bellottia,apoda,25.20363311,0.419848277,122.8788473,6.87397069,1.969612902,0.722690883,14.8186666,14.6811786,5,Bathydemersal,Bellottia,,Demersal,Ophidiiformes,Other,Demersal
Belone belone,Belone belone,Belone,belone,42.41864453,0.308342425,331.0881826,7.771951781,2.377286451,0.560076204,22.36521353,19.31183033,81,Pelagic,Garfish,,Pelagic,Beloniformes,Other,Pelagic
Belone svetovidovi,Belone svetovidovi,Belone,svetovidovi,46.08253413,0.364605862,518.3123476,7.163716312,2.17685247,0.634659259,24.7299924,20.51220593,62,Pelagic,Short-beaked garfish,,Pelagic,Beloniformes,Other,Pelagic
Benthodesmus elongatus,Benthodesmus elongatus,Benthodesmus,elongatus,80.42132481,0.305189278,1326.155856,9.126173,2.180005252,0.470672045,37.43621249,18.85377594,60,Benthopelagic,Elongate frostfish,,Demersal,Perciformes,Other,Demersal
Benthosema glaciale,Benthosema glaciale,Benthosema,glaciale,7.935713178,0.442282219,5.645712772,6.478806154,2.016222131,1.04117729,5.377796864,7.858807154,7,Pelagic,Glacier lantern fish,,Pelagic,Myctophiformes,Other,Pelagic
Beryx decadactylus,Beryx decadactylus,Beryx,decadactylus,58.12736961,0.105717777,3121.273018,18.70963947,6.777692319,0.241878024,32.10625916,10.04288789,48,Bathydemersal,Alfonsino,,Demersal,Beryciformes,Other,Demersal
Beryx splendens,Beryx splendens,Beryx,splendens,52.51714124,0.138910542,3132.678619,14.75793536,5.311928728,0.32489061,28.86626937,15.60819684,43,Benthopelagic,Spendid alfonsino,,Demersal,Beryciformes,Other,Demersal
Blennius ocellaris,Blennius ocellaris,Blennius,ocellaris,22.19161745,0.437777677,118.7950183,6.880851865,1.670471947,0.805042599,12.32909972,19.04251131,24,Demersal,Butterfly blenny,,Demersal,Perciformes,Other,Demersal
Bonapartia pedaliota,Bonapartia pedaliota,Bonapartia,pedaliota,13.91044324,0.614789683,18.97807762,4.249806138,1.250946448,1.037042866,8.692957952,8.838878553,7,Bathypelagic,Longray fangjaw,,Demersal,Stomiiformes,Other,Pelagic
Boops boops,Boops boops,Boops,boops,31.52389526,0.211700223,386.3557473,12.66755417,2.965724905,0.384664931,16.25432791,19.22192093,49,Demersal,Bogue,,Demersal,Perciformes,Other,Demersal
Borostomias antarcticus,Borostomias antarcticus,Borostomias,antarcticus,26.92506433,0.389215753,122.3932144,6.528780755,1.95883584,0.642462193,16.05229634,6.02147632,5,Bathydemersal,Snaggletooth,,Demersal,Stomiiformes,Other,Demersal
Bothus podas,Bothus podas,Bothus,podas,20.04242512,0.496242481,63.53007144,6.41227936,1.351525871,0.717111479,10.41478321,15.98537173,13,Demersal,Wide-eyed flounder,,Demersal,Pleuronectiformes,Pleuronectiformes,Demersal
Brama brama,Brama brama,Brama,brama,61.63201998,0.148730762,2728.454219,18.52213236,4.685880146,0.268119685,32.25954264,15.72315652,57,Bathypelagic,Atlantic pomfret,,Demersal,Perciformes,Other,Pelagic
Brosme brosme,Brosme brosme,Brosme,brosme,78.19116066,0.128366453,6048.736294,21.15408304,7.099440785,0.224228575,49.24824989,9.074984199,90,Demersal,Tusk,Demersal,Demersal,Gadiformes,Gadiformes,Demersal
Buglossidium luteum,Buglossidium luteum,Buglossidium,luteum,12.49221035,0.534421249,19.41606259,7.366401641,1.768649692,0.688289808,8.144923808,13.20907644,21,Demersal,Solenette,Demersal,Demersal,Pleuronectiformes,Pleuronectiformes,Demersal
Callanthias ruber,Callanthias ruber,Callanthias,ruber,38.5911169,0.352035021,627.0822865,9.393363702,2.283093115,0.582582066,21.37318379,19.62415505,20,Demersal,Parrot seaperch,,Demersal,Perciformes,Other,Demersal
Callionymus lyra,Callionymus lyra,Callionymus,lyra,22.25679915,0.480664568,57.36141807,5.571310114,1.720444219,0.872103515,13.80787029,13.52200465,38,Demersal,Dragonet,Demersal,Demersal,Perciformes,Other,Demersal
Callionymus maculatus,Callionymus maculatus,Callionymus,maculatus,25.87748118,0.457189121,120.2239125,5.997846346,1.755779591,0.8699594,15.155596,17.34321675,22,Demersal,Spotted dragonet,Demersal,Demersal,Perciformes,Other,Demersal
Callionymus reticulatus,Callionymus reticulatus,Callionymus,reticulatus,25.87748118,0.457189121,120.2239125,5.997846346,1.755779591,0.8699594,15.155596,17.34321675,15,Demersal,Reticulated dragonet,Demersal,Demersal,Perciformes,Other,Demersal
Callionymus risso,Callionymus risso,Callionymus,risso,25.87748118,0.457189121,120.2239125,5.997846346,1.755779591,0.8699594,15.155596,17.34321675,12,Demersal,Rissos dragonet,,Demersal,Perciformes,Other,Demersal
Capros aper,Capros aper,Capros,aper,14.13465005,0.272552542,44.33213846,12.20273814,2.863401364,0.500107313,8.500199882,17.26781819,20,Demersal,Boarfish,Demersal,Demersal,Perciformes,Other,Demersal
Caranx rhonchus,Caranx rhonchus,Caranx,rhonchus,48.24335588,0.261358293,2033.996511,8.655837603,2.600072289,0.78482355,23.17869055,22.96499602,39,Benthopelagic,False scad,,Demersal,Perciformes,Other,Demersal
Carapus acus,Carapus acus,Carapus,acus,36.85534903,0.320891841,379.1763846,8.735381807,2.527357386,0.556622362,20.81994326,14.82918514,22,Demersal,Pearl fish,,Demersal,Ophidiiformes,Other,Demersal
Cataetyx alleni,Cataetyx alleni,Cataetyx,alleni,11.78659579,0.718720078,12.90472706,4.25656475,1.196215222,1.218250023,7.507032538,14.38516551,16,Bathydemersal,Pearl fish,,Demersal,Ophidiiformes,Other,Demersal
Centrolabrus exoletus,Centrolabrus exoletus,Centrolabrus,exoletus,13.92255733,0.589096869,23.18008836,6.243522448,1.464095274,0.885532729,8.584258045,13.17460159,19,Demersal,Rock cook,,Demersal,Perciformes,Other,Demersal
Centrolophus niger,Centrolophus niger,Centrolophus,niger,47.32702481,0.284706775,1346.301138,10.7038666,2.704565078,0.476574167,26.12145673,15.87581815,94,Bathypelagic,Rudderfish,,Demersal,Perciformes,Other,Pelagic
Centrophorus granulosus,Centrophorus granulosus,Centrophorus,granulosus,123.2120879,0.067168203,11634.9398,39.04333406,18.93804776,0.116013177,85.81938944,11.55938933,109,Bathydemersal,Gulper shark,,Demersal,Squaliformes,Elasmobranchii,Demersal
Centrophorus squamosus,Centrophorus squamosus,Centrophorus,squamosus,127.6639436,0.056511598,13443.44374,44.22444395,21.65378362,0.100626637,88.04289803,10.98465581,112,Bathydemersal,Leafscale gulper shark,,Demersal,Squaliformes,Elasmobranchii,Demersal
Centroscyllium fabricii,Centroscyllium fabricii,Centroscyllium,fabricii,100.6248002,0.078416063,6399.761966,34.4982597,16.78723091,0.137569126,70.28976663,12.33773832,19,Bathydemersal,Black dogfish,,Demersal,Squaliformes,Elasmobranchii,Demersal
Centroscymnus crepidater,Centroscymnus crepidater,Centroscymnus,crepidater,117.9278776,0.09035523,9217.171365,28.98686186,13.3969301,0.155743659,78.29739416,13.21646287,77,Bathydemersal,Longnose velvet dogfish,,Demersal,Squaliformes,Elasmobranchii,Demersal
Cepola macrophthalma,Cepola macrophthalma,Cepola,macrophthalma,62.14295311,0.265396042,75.14735348,6.767372634,1.808519177,0.650494084,23.72069935,14.77918142,78,Demersal,Red bandfish,,Demersal,Perciformes,Other,Demersal
Ceratoscopelus maderensis,Ceratoscopelus maderensis,Ceratoscopelus,maderensis,9.461291883,0.657286867,8.326966067,3.568326793,1.11430565,1.49470543,5.712577048,15.12030665,9,Bathypelagic,Madeira lantern fish,,Demersal,Myctophiformes,Other,Pelagic
Chauliodus sloani,Chauliodus sloani,Chauliodus,sloani,23.435558,0.394858937,84.59194989,6.880316806,1.980987376,0.607476237,14.40470072,6.012167073,40,Bathypelagic,Sloanes viperfish,,Demersal,Stomiiformes,Other,Pelagic
Chaunax pictus,Chaunax pictus,Chaunax,pictus,36.62868884,0.251170486,444.9735731,8.720848598,2.523402711,0.46840192,18.97942779,12.27751904,31,Bathydemersal,Pink frogmouth,,Demersal,Lophiiformes,Other,Demersal
Chelidonichthys cuculus,Chelidonichthys cuculus,Chelidonichthys,cuculus,34.43429397,0.36571362,469.9125554,12.73050168,4.362120097,0.494462856,22.82301562,14.45397362,54,Demersal,Red gurnard,Demersal,Demersal,Scorpaeniformes,Scorpaeniformes,Demersal
Chelidonichthys lucerna,Chelidonichthys lucerna,Chelidonichthys,lucerna,47.77369146,0.312170358,1027.9872,10.8382158,2.953905009,0.46082566,24.43069959,12.71860867,81,Demersal,Tub gurnard,Demersal,Demersal,Scorpaeniformes,Scorpaeniformes,Demersal
Chelidonichthys obscurus,Chelidonichthys obscurus,Chelidonichthys,obscurus,41.79065865,0.31885333,751.3953394,11.60044261,3.544801809,0.462154476,24.13362935,13.99199411,35,Demersal,Longfin gurnard,,Demersal,Scorpaeniformes,Scorpaeniformes,Demersal
Chelon labrosus,Chelon labrosus,Chelon,labrosus,48.26400383,0.203020953,1518.720398,14.61364066,3.671109895,0.359298019,25.24590437,16.36482508,64,Demersal,Thick-lipped mullet,,Demersal,Perciformes,Other,Demersal
Chiasmodon,Oreochromis niloticus,Oreochromis,niloticus,24.97865234,2.028049158,411.0415687,5.878644224,1.137615738,1.627238776,20.98252884,25.3208835,18,Bathydemersal,Snaketooth,,Demersal,Perciformes,Other,Demersal
Chimaera monstrosa,Chimaera monstrosa,Chimaera,monstrosa,122.7613683,0.108911018,14349.36984,22.97087449,8.137945107,0.193553977,69.29215234,13.01224173,141,Bathydemersal,Rabbit ratfish,Demersal,Demersal,Chimaeriformes,Other,Demersal
Chimaera opalescens,Chimaera opalescens,Chimaera,opalescens,109.9687505,0.128143318,10163.9795,20.18656998,7.097941278,0.223844357,62.9536773,13.44070894,79,Bathydemersal,Opal chimaera,,Demersal,Chimaeriformes,Other,Demersal
Chirolophis ascanii,Chirolophis ascanii,Chirolophis,ascanii,35.79711058,0.241145487,512.7654797,12.27154095,3.058738898,0.419592757,20.04163933,14.76994279,19,Benthopelagic,Yarrell's blenny,,Demersal,Perciformes,Other,Demersal
Chirostomias pliopterus,Chirostomias pliopterus,Chirostomias,pliopterus,23.53975671,0.423800313,85.86945688,6.273550591,1.825042802,0.668768087,14.26973939,7.239542332,17,Bathypelagic,Dragonfish,,Demersal,Stomiiformes,Other,Pelagic
Chlorophthalmus agassizi,Chlorophthalmus agassizi,Chlorophthalmus,agassizi,19.01238306,0.356278234,53.06493165,6.616047874,2.06784741,0.668311081,11.42822338,12.15552967,23,Bathydemersal,Shortnose greeneye,,Demersal,Aulopiformes,Other,Demersal
Ciliata mustela,Ciliata mustela,Ciliata,mustela,64.86583329,0.182923214,2438.248912,14.93730728,4.690609754,0.327166609,38.65745916,10.22968212,27,Demersal,Five-bearded rockling,Demersal,Demersal,Gadiformes,Gadiformes,Demersal
Ciliata septentrionalis,Ciliata septentrionalis,Ciliata,septentrionalis,64.86583329,0.182923214,2438.248912,14.93730728,4.690609754,0.327166609,38.65745916,10.22968212,21,Demersal,Northern rockling,Demersal,Demersal,Gadiformes,Gadiformes,Demersal
Citharus linguatula,Citharus linguatula,Citharus,linguatula,26.99481045,0.279632947,142.2378573,9.608357356,2.198089523,0.455068621,13.50245348,14.60886651,28,Demersal,Spotted flounder,,Demersal,Pleuronectiformes,Pleuronectiformes,Demersal
Clupea harengus,Clupea harengus,Clupea,harengus,30.31273752,0.334292555,212.2151581,12.4112763,4.065925708,0.250360617,25.28598804,8.334075249,61,Benthopelagic,Herring,,Pelagic,Clupeiformes,Other,Pelagic
Coccorella atlantica,Coccorella atlantica,Coccorella,atlantica,27.17661408,0.475866297,125.3380264,5.343569852,1.589056246,0.829217188,15.37901684,13.99764562,11,Bathypelagic,Atlantic sabretooth,,Demersal,Aulopiformes,Other,Pelagic
Coelorinchus caelorhincus,Coelorinchus caelorhincus,Coelorinchus,caelorhincus,28.42206451,0.140320582,185.9642859,20.96509721,6.067510018,0.264883862,17.47244567,13.58816334,51,Benthopelagic,Hollow snout grenadier,,Demersal,Gadiformes,Gadiformes,Demersal
Coelorinchus labiatus,Coelorinchus labiatus,Coelorinchus,labiatus,26.48776394,0.261192898,125.5828994,13.6217782,3.802936753,0.431556082,16.93835976,14.77419664,17,Bathydemersal,Spearsnouted grenadier,,Demersal,Gadiformes,Gadiformes,Demersal
Conger conger,Conger conger,Conger,conger,74.47421754,0.103916326,6006.481081,19.19195944,6.27014752,0.225205038,38.59707055,10.8583271,265,Demersal,Conger eel,Demersal,Demersal,Anguilliformes,Other,Demersal
Coryphaenoides rupestris,Coryphaenoides rupestris,Coryphaenoides,rupestris,84.20514924,0.09499509,1574.281678,44.88072837,11.1022133,0.128474174,49.69870632,9.193796475,121,Bathypelagic,Roundnose grenadier,,Demersal,Gadiformes,Gadiformes,Pelagic
Coryphoblennius galerita,Coryphoblennius galerita,Coryphoblennius,galerita,22.19161745,0.437777677,118.7950183,6.880851865,1.670471947,0.805042599,12.32909972,19.04251131,8,Demersal,Montagu's blenny,,Demersal,Perciformes,Other,Demersal
Cottunculus microps,Cottunculus microps,Cottunculus,microps,34.13746249,0.19039268,394.4267727,13.52159787,4.147712667,0.315604428,19.94147234,8.244209215,29,Bathydemersal,Polar sculpin,,Demersal,Scorpaeniformes,Scorpaeniformes,Demersal
Ctenolabrus rupestris,Ctenolabrus rupestris,Ctenolabrus,rupestris,17.55364659,0.343340208,69.61647827,8.084294323,2.087670845,0.637730867,10.11099916,12.67281821,25,Demersal,Goldsinny wrasse,,Demersal,Perciformes,Other,Demersal
Cubiceps gracilis,Cubiceps gracilis,Cubiceps,gracilis,26.54165388,0.612074349,194.0464705,6.052763512,1.433978792,0.955284874,15.4226301,21.08152721,9,Pelagic,Driftfish,,Pelagic,Perciformes,Other,Pelagic
Cyclopterus lumpus,Cyclopterus lumpus,Cyclopterus,lumpus,52.53005924,0.170769938,1248.865711,15.81412788,4.834989158,0.264141148,30.12496263,6.73552681,54,Benthopelagic,Lumpsucker,Demersal,Demersal,Scorpaeniformes,Scorpaeniformes,Demersal
Cyclothone,Oreochromis niloticus,Oreochromis,niloticus,24.97865234,2.028049158,411.0415687,5.878644224,1.137615738,1.627238776,20.98252884,25.3208835,4,Bathydemersal,bristlemouths,,Demersal,Scorpaeniformes,Scorpaeniformes,Demersal
Cyttopsis rosea,Cyttopsis rosea,Cyttopsis,rosea,40.31205458,0.215699346,818.0221528,12.80087106,3.929325352,0.372005571,24.19528993,14.27300475,29,Bathypelagic,Rosy dory,,Pelagic,Zeiformes,Other,Pelagic
Dalatias licha,Dalatias licha,Dalatias,licha,117.9278776,0.09035523,9217.171365,28.98686186,13.3969301,0.155743659,78.29739416,13.21646287,140,Bathydemersal,Kitefin shark,,Demersal,Squaliformes,Elasmobranchii,Demersal
Dalophis imberbis,Dalophis imberbis,Dalophis,imberbis,77.87399589,0.19423903,2444.145456,12.65965961,3.797484119,0.327247226,40.73600418,9.805428495,61,Demersal,Armless snake eel,,Demersal,Anguilliformes,Other,Demersal
Dasyatis pastinaca,Dasyatis pastinaca,Dasyatis,pastinaca,150.1496891,0.089079767,6438.660144,9.00528005,3.223095118,0.293033387,46.9081675,20.32867927,122,Demersal,Common stingray,,Demersal,Myliobatiformes,Elasmobranchii,Demersal
Deania calcea,Deania calcea,Deania,calcea,112.6295355,0.088047152,9002.541455,37.98926277,19.36431385,0.131121235,90.72293661,11.11890984,118,Bathydemersal,Birdbeak dogfish,,Demersal,Squaliformes,Elasmobranchii,Demersal
Deania profundorum,Deania profundorum,Deania,profundorum,115.7298355,0.083840255,9521.194529,36.18646327,17.9089188,0.132430298,87.11577518,11.62651635,109,Bathydemersal,Arrowhead dogfish,,Demersal,Squaliformes,Elasmobranchii,Demersal
Dentex canariensis,Dentex canariensis,Dentex,canariensis,79.19848015,0.147778668,6565.288422,16.08939437,4.036340929,0.307561239,36.2872886,17.10196454,31,Demersal,Canary dentex,,Demersal,Perciformes,Other,Demersal
Dentex dentex,Dentex dentex,Dentex,dentex,85.63802691,0.107364307,8632.058871,21.12767446,5.554843338,0.23558122,39.47866792,18.29398756,49,Benthopelagic,Common dentex,,Demersal,Perciformes,Other,Demersal
Dentex gibbosus,Dentex gibbosus,Dentex,gibbosus,93.87990803,0.143728324,12780.82822,15.39031305,3.645928622,0.315401417,39.21163492,18.6438835,94,Benthopelagic,Pink dentex,,Demersal,Perciformes,Other,Demersal
Dentex macrophthalmus,Dentex macrophthalmus,Dentex,macrophthalmus,44.65237899,0.187514049,1694.774412,12.71137718,3.160654537,0.405278732,21.61587709,17.72880152,19,Benthopelagic,Large-eye dentex,,Demersal,Perciformes,Other,Demersal
Dentex maroccanus,Dentex maroccanus,Dentex,maroccanus,35.7243923,0.196691042,804.9921046,11.16720019,2.890880187,0.469586836,17.26818639,17.64035341,30,Demersal,Morocco dentex,,Demersal,Perciformes,Other,Demersal
Diaphus,Oreochromis niloticus,Oreochromis,niloticus,24.97865234,2.028049158,411.0415687,5.878644224,1.137615738,1.627238776,20.98252884,25.3208835,13,Bathypelagic,Lanternfishes,,Pelagic,Myctophiformes,Other,Pelagic
Diaphus adenomus,Diaphus adenomus,Diaphus,adenomus,8.522919982,1.055517712,5.676634667,2.26028603,0.704674875,2.351436813,5.084142499,18.60324109,8,Bathypelagic,Gilbert's large lantern fish,,Demersal,Myctophiformes,Other,Pelagic
Diaphus dumerilii,Diaphus dumerilii,Diaphus,dumerilii,7.677615902,1.695024952,3.869858588,1.43173348,0.445628791,3.699227268,4.52484137,22.08617552,11,Pelagic,lantern fish,,Pelagic,Myctophiformes,Other,Pelagic
Diaphus holti,Diaphus holti,Diaphus,holti,8.522919982,1.055517712,5.676634667,2.26028603,0.704674875,2.351436813,5.084142499,18.60324109,9,Bathypelagic,Small lantern fish,,Demersal,Myctophiformes,Other,Pelagic
Diaphus rafinesquii,Diaphus rafinesquii,Diaphus,rafinesquii,8.522919982,1.055517712,5.676634667,2.26028603,0.704674875,2.351436813,5.084142499,18.60324109,7,Bathypelagic,White-spotted lantern fish,,Demersal,Myctophiformes,Other,Pelagic
Dicentrarchus labrax,Dicentrarchus labrax,Dicentrarchus,labrax,74.33149461,0.174287102,4727.528877,7.765729595,1.666954741,0.182475253,31.27497722,17.34008854,87,Demersal,Bass,,Demersal,Perciformes,Other,Demersal
Dicentrarchus punctatus,Dicentrarchus punctatus,Dicentrarchus,punctatus,59.70691099,0.157742853,2599.666978,10.58135753,2.361505715,0.209720101,26.54288035,19.68937808,47,Benthopelagic,Spotted seabass,,Pelagic,Perciformes,Other,Demersal
Dicologlossa cuneata,Dicologlossa cuneata,Dicologlossa,cuneata,26.65919279,0.290669838,156.1822035,13.00161194,3.05199575,0.377447253,16.78132129,13.6854193,29,Demersal,Wedge sole,,Demersal,Pleuronectiformes,Pleuronectiformes,Demersal
Dicologlossa hexophthalma,Dicologlossa hexophthalma,Dicologlossa,hexophthalma,27.31188718,0.30973211,182.8483289,12.22999081,2.713236955,0.390345553,16.63609927,14.15952229,11,Demersal,Ocellated wedge sole,,Demersal,Pleuronectiformes,Pleuronectiformes,Demersal
Diplecogaster bimaculata bimaculata,Diplecogaster bimaculata,Diplecogaster,bimaculata,8.749922504,0.701983078,6.998484994,3.774061695,1.083017178,1.336621101,5.445207647,17.92399521,4,Demersal,Two-spotted clingfish,,Demersal,Gobiesociformes,Other,Demersal
Diplodus annularis,Diplodus annularis,Diplodus,annularis,20.74724533,0.248683999,153.3442447,8.45057087,1.804819247,0.490386173,9.676883509,18.91754389,20,Benthopelagic,Annular seabream,,Demersal,Perciformes,Other,Demersal
Diplodus bellottii,Diplodus bellottii,Diplodus,bellottii,32.60147882,0.229220843,619.0986819,11.02185259,2.61961735,0.47989507,16.02785928,21.19084507,22,Benthopelagic,Senegal seabream,,Demersal,Perciformes,Other,Demersal
Diplodus cervinus cervinus,Diplodus cervinus,Diplodus,cervinus,41.25895697,0.147377273,1376.408972,21.37580211,4.730518084,0.27290526,21.43711365,18.74030941,49,Demersal,Zebra seabream,,Demersal,Perciformes,Other,Demersal
Diplodus puntazzo,Diplodus puntazzo,Diplodus,puntazzo,27.33349601,0.276369029,356.0977756,9.497262393,2.237568244,0.56396247,13.79274718,20.76714238,49,Benthopelagic,Sharpsnout seabream,,Demersal,Perciformes,Other,Demersal
Diplodus sargus sargus,Diplodus sargus sargus,Diplodus,sargus,NA,NA,NA,NA,NA,NA,NA,NA,44,Demersal,White seabream,,Demersal,Perciformes,Other,Demersal
Diplodus vulgaris,Diplodus vulgaris,Diplodus,vulgaris,33.72218198,0.232452902,675.1324861,9.604448175,2.448356257,0.513760669,16.46893946,19.11122561,48,Benthopelagic,Common two-banded seabream,,Demersal,Perciformes,Other,Demersal
Dipturus batis,Dipturus batis,Dipturus,batis,234.5787378,0.070574668,65185.48196,23.18843121,11.81551792,0.131650631,134.6219855,12.46797469,235,Demersal,Blue skate,Demersal,Demersal,Rajiformes,Elasmobranchii,Demersal
Dipturus linteus,Rajella lintea,Rajella,lintea,104.3380965,0.140703815,6417.451776,15.87432149,7.81621934,0.254206491,69.10121897,14.06143674,70,Bathydemersal,Sailray,Demersal,Demersal,Rajiformes,Elasmobranchii,Demersal
Dipturus nidarosiensis,Dipturus nidarosiensis,Dipturus,nidarosiensis,188.4144339,0.092357232,35336.33308,17.71672602,9.356429068,0.184539105,109.7471732,14.71177655,187,Bathydemersal,Black skate,,Demersal,Rajiformes,Elasmobranchii,Demersal
Dipturus oxyrinchus,Dipturus oxyrinchus,Dipturus,oxyrinchus,179.7128205,0.09671542,27077.5068,10.94759346,5.950294051,0.244959831,87.42360379,15.70030725,143,Bathydemersal,Longnosed skate,,Demersal,Rajiformes,Elasmobranchii,Demersal
Diretmus argenteus,Diretmus argenteus,Diretmus,argenteus,29.48571108,0.306217953,267.2136431,7.73193937,2.667259252,0.675082871,16.86864418,16.7782144,10,Bathypelagic,Silver spinyfin,,Demersal,Beryciformes,Other,Pelagic
Dysomma brevirostre,Dysomma brevirostre,Dysomma,brevirostre,94.10701419,0.209076224,4288.18749,12.24451535,3.640825039,0.346140862,48.07461051,12.57018067,23,Benthopelagic,Pignosed arrowtooth eel,,Demersal,Anguilliformes,Other,Other
Echiichthys vipera,Echiichthys vipera,Echiichthys,vipera,38.5911169,0.352035021,627.0822865,9.393363702,2.283093115,0.582582066,21.37318379,19.62415505,21,Demersal,Lesser weever,Demersal,Demersal,Perciformes,Other,Demersal
Echiodon dentatus,Echiodon dentatus,Echiodon,dentatus,36.85534903,0.320891841,379.1763846,8.735381807,2.527357386,0.556622362,20.81994326,14.82918514,23,Demersal,Pearlfish,,Demersal,Ophidiiformes,Other,Demersal
Echiodon drummondii,Echiodon drummondii,Echiodon,drummondii,36.85534903,0.320891841,379.1763846,8.735381807,2.527357386,0.556622362,20.81994326,14.82918514,42,Bathydemersal,Pearlfish,Demersal,Demersal,Ophidiiformes,Other,Demersal
Echiostoma barbatum,Echiostoma barbatum,Echiostoma,barbatum,23.53975671,0.423800313,85.86945688,6.273550591,1.825042802,0.668768087,14.26973939,7.239542332,21,Bathypelagic,Threadfin dragonfish,,Demersal,Stomiiformes,Other,Pelagic
Electrona risso,Electrona risso,Electrona,risso,6.660774232,1.095511701,2.75573568,2.34153022,0.717401222,2.375454702,4.193189874,16.3007081,6,Bathypelagic,Electric lanternfish,,Pelagic,Myctophiformes,Other,Pelagic
Enchelyopus cimbrius,Enchelyopus cimbrius,Enchelyopus,cimbrius,37.25170711,0.243394999,507.6093398,10.0510792,3.475113219,0.475186985,23.64705688,10.58040116,45,Demersal,Four-bearded rockling,Demersal,Demersal,Gadiformes,Gadiformes,Demersal
Engraulis encrasicolus,Engraulis encrasicolus,Engraulis,encrasicolus,18.20784085,0.484485198,36.55964689,4.753236795,1.16282032,0.858747909,10.22422003,14.16980523,28,Pelagic,Anchovy,,Pelagic,Clupeiformes,Other,Pelagic
Entelurus aequoreus,Entelurus aequoreus,Entelurus,aequoreus,18.2326476,0.96196836,11.68263825,3.899769042,0.887895413,1.065511573,10.57899914,17.63615351,56,Demersal,Snake pipefish,Demersal,Demersal,Syngnathiformes,Other,Demersal
Ephippion guttifer,Ephippion guttifer,Ephippion,guttifer,29.62715653,0.480316932,525.3195918,5.969297314,1.832532853,0.942314837,17.41358922,19.107776,43,Demersal,Prickly puffer,,Demersal,Tetraodontiformes,Other,Demersal
Epigonus denticulatus,Epigonus denticulatus,Epigonus,denticulatus,68.45381962,0.167951157,3612.423678,21.20398209,4.692469628,0.222914983,37.62805701,16.93231325,21,Bathydemersal,Pencil cardinal,,Demersal,Perciformes,Other,Demersal
Epigonus telescopus,Epigonus telescopus,Epigonus,telescopus,127.4532745,0.070709063,24773.59879,47.21182006,10.20052738,0.088571924,66.86067743,14.28197695,42,Bathydemersal,Black cardinal fish,,Demersal,Perciformes,Other,Demersal
Epinephelus caninus,Epinephelus caninus,Epinephelus,caninus,101.3402781,0.111590649,14589.66126,25.04306334,8.199110847,0.195058346,54.88698912,23.33652711,25,Demersal,Dogtooth grouper,,Demersal,Perciformes,Other,Demersal
Etmopterus princeps,Etmopterus princeps,Etmopterus,princeps,85.86053284,0.068054489,4443.549068,41.05756352,21.0354999,0.121515473,63.10109482,11.45901377,32,Bathydemersal,Great lanternshark,,Demersal,Squaliformes,Elasmobranchii,Demersal
Etmopterus pusillus,Etmopterus pusillus,Etmopterus,pusillus,85.86053284,0.068054489,4443.549068,41.05756352,21.0354999,0.121515473,63.10109482,11.45901377,44,Benthopelagic,Smooth lanternshark,,Demersal,Squaliformes,Elasmobranchii,Demersal
Etmopterus spinax,Etmopterus spinax,Etmopterus,spinax,85.86053284,0.068054489,4443.549068,41.05756352,21.0354999,0.121515473,63.10109482,11.45901377,61,Bathydemersal,Velvet belly,Demersal,Demersal,Squaliformes,Elasmobranchii,Demersal
Eutrigla gurnardus,Eutrigla gurnardus,Eutrigla,gurnardus,36.95081416,0.342346592,410.2022195,11.46803561,3.714844477,0.465526731,24.29060791,11.46677502,58,Demersal,Grey gurnard,Demersal,Demersal,Scorpaeniformes,Scorpaeniformes,Demersal
Evermannella balbo,Evermannella balbo,Evermannella,balbo,26.04982061,0.5065954,109.7618608,5.084383986,1.507609399,0.876932643,14.8216515,14.16252055,12,Bathypelagic,Balbo sabretooth,,Demersal,Aulopiformes,Other,Pelagic
Facciolella oxyrhyncha,Facciolella oxyrhyncha,Facciolella,oxyrhyncha,69.47671695,0.228845896,1592.010177,11.41145825,3.373873195,0.36175517,37.6271418,7.793800245,71,Demersal,Facciola's sorcerer,,Demersal,Anguilliformes,Other,Demersal
Gadella maraldi,Gadella maraldi,Gadella,maraldi,56.8028357,0.198222489,1375.001169,14.824057,4.403570555,0.333512134,34.05741734,11.59407685,22,Benthopelagic,Gadella,,Demersal,Gadiformes,Gadiformes,Demersal
Gadiculus argenteus,Gadiculus argenteus,Gadiculus,argenteus,17.04805002,0.465078384,50.92828026,4.187524972,1.155929061,1.079030804,9.503762257,13.52843448,21,Pelagic,Silvery pout,Demersal,Demersal,Gadiformes,Gadiformes,Pelagic
Gadiculus thori,Gadiculus thori,Gadiculus,thori,17.88106905,0.559053362,54.65143845,4.962012867,1.294513362,1.021390612,11.27508481,11.34799416,17,Pelagic,Silver,,Pelagic,Gadiformes,Gadiformes,Pelagic
Gadus morhua,Gadus morhua,Gadus,morhua,105.8507373,0.168489075,12310.01753,15.02334154,2.135371745,0.270287992,45.13793497,5.563263664,140,Benthopelagic,Cod,Demersal,Demersal,Gadiformes,Gadiformes,Demersal
Gaidropsarus argentatus,Gaidropsarus argentatus,Gaidropsarus,argentatus,45.83739959,0.26151154,875.3861652,10.99769127,3.405952076,0.462495203,28.2142552,11.7108634,31,Bathydemersal,Arctic rockling,Demersal,Demersal,Gadiformes,Gadiformes,Demersal
Gaidropsarus biscayensis,Gaidropsarus biscayensis,Gaidropsarus,biscayensis,45.83739959,0.26151154,875.3861652,10.99769127,3.405952076,0.462495203,28.2142552,11.7108634,18,Benthopelagic,Mediterranean bigeye rockling,,Demersal,Gadiformes,Gadiformes,Demersal
Gaidropsarus macrophthalmus,Gaidropsarus macrophthalmus,Gaidropsarus,macrophthalmus,45.83739959,0.26151154,875.3861652,10.99769127,3.405952076,0.462495203,28.2142552,11.7108634,27,Demersal,Bigeye rockling,,Demersal,Gadiformes,Gadiformes,Demersal
Gaidropsarus mediterraneus,Gaidropsarus mediterraneus,Gaidropsarus,mediterraneus,32.39096909,0.37386335,314.2833098,8.097122928,2.473134657,0.653800866,20.59225344,13.19204468,29,Demersal,Shore rockling,Demersal,Demersal,Gadiformes,Gadiformes,Demersal
Gaidropsarus vulgaris,Gaidropsarus vulgaris,Gaidropsarus,vulgaris,45.83739959,0.26151154,875.3861652,10.99769127,3.405952076,0.462495203,28.2142552,11.7108634,50,Demersal,Three-bearded rockling,Demersal,Demersal,Gadiformes,Gadiformes,Demersal
Galeorhinus galeus,Galeorhinus galeus,Galeorhinus,galeus,175.2098597,0.126130339,27951.02846,45.54843335,12.63586846,0.10510225,130.6444133,16.47136249,180,Benthopelagic,Tope,Demersal,Demersal,Carcharhiniformes,Elasmobranchii,Demersal
Galeus atlanticus,Galeus atlanticus,Galeus,atlanticus,121.1463967,0.180179494,7511.545734,15.8082134,5.783051623,0.264547451,76.2641265,16.08713706,56,Bathydemersal,Atlantic sawtail cat shark,,Demersal,Carcharhiniformes,Elasmobranchii,Demersal
Galeus melastomus,Galeus melastomus,Galeus,melastomus,121.1463967,0.180179494,7511.545734,15.8082134,5.783051623,0.264547451,76.2641265,16.08713706,100,Demersal,Black mouthed dogfish,Demersal,Demersal,Carcharhiniformes,Elasmobranchii,Demersal
Galeus murinus,Galeus murinus,Galeus,murinus,121.1463967,0.180179494,7511.545734,15.8082134,5.783051623,0.264547451,76.2641265,16.08713706,59,Bathydemersal,Mouse catshark,,Demersal,Carcharhiniformes,Elasmobranchii,Demersal
Gasterosteus aculeatus aculeatus,Gasterosteus aculeatus,Gasterosteus,aculeatus,7.091768081,1.746015515,2.975436006,2.644246029,0.531860066,1.944565444,4.735745848,12.15818219,13,Bathydemersal,Three-spined stickleback,,Demersal,Gasterosteiformes,Other,Demersal
Gasterosteus aculeatus williamsoni,Gasterosteus aculeatus,Gasterosteus,aculeatus,7.091768081,1.746015515,2.975436006,2.644246029,0.531860066,1.944565444,4.735745848,12.15818219,7,Bathydemersal,Three-spined stickleback,,Demersal,Gasterosteiformes,Other,Demersal
Glossanodon leioglossus,Glossanodon leioglossus,Glossanodon,leioglossus,22.57741883,0.502945619,96.141161,6.357582124,2.214493865,0.936850579,15.23734707,14.91658587,18,Bathydemersal,Smalltoothed argentine,,Demersal,Osmeriformes,Other,Demersal
Glyptocephalus cynoglossus,Glyptocephalus cynoglossus,Glyptocephalus,cynoglossus,43.42856301,0.202210623,617.5310182,22.71093981,5.601040141,0.22485103,26.95226941,8.06672389,54,Demersal,Witch,Demersal,Demersal,Pleuronectiformes,Pleuronectiformes,Demersal
Gnathophis mystax,Gnathophis mystax,Gnathophis,mystax,75.94278165,0.153173129,3380.001557,14.69487227,4.53993652,0.287736664,39.17870861,11.51579105,65,Demersal,Thinlip conger,,Demersal,Anguilliformes,Other,Demersal
Gobiidae,Oreochromis niloticus,Oreochromis,niloticus,24.97865234,2.028049158,411.0415687,5.878644224,1.137615738,1.627238776,20.98252884,25.3208835,22,Demersal,gobies,Demersal,Demersal,Perciformes,Other,Demersal
Gonostoma elongatum,Sigmops elongatus,Sigmops,elongatus,13.91044324,0.614789683,18.97807762,4.249806138,1.250946448,1.037042866,8.692957952,8.838878553,22,Bathypelagic,Elongated bristlemouth fish,,Demersal,Stomiiformes,Other,Pelagic
Guttigadus latifrons,Guttigadus latifrons,Guttigadus,latifrons,56.8028357,0.198222489,1375.001169,14.824057,4.403570555,0.333512134,34.05741734,11.59407685,11,Bathydemersal,Guttigadus latifrons,,Demersal,Gadiformes,Gadiformes,Demersal
Halargyreus johnsonii,Halargyreus johnsonii,Halargyreus,johnsonii,56.8028357,0.198222489,1375.001169,14.824057,4.403570555,0.333512134,34.05741734,11.59407685,35,Bathypelagic,Slender codling,,Demersal,Gadiformes,Gadiformes,Pelagic
Halobatrachus didactylus,Halobatrachus didactylus,Halobatrachus,didactylus,33.20102045,0.298688945,347.0195546,8.448904219,2.4649843,0.551904753,18.24043065,17.86556079,38,Demersal,Lusitanian toadfish,,Demersal,Batrachoidiformes,Other,Demersal
Helicolenus dactylopterus,Helicolenus dactylopterus,Helicolenus,dactylopterus,36.49849331,0.119091189,761.5364897,19.12695929,6.937960722,0.16863379,23.92849051,16.31019971,51,Bathydemersal,Bluemouth,Demersal,Demersal,Scorpaeniformes,Scorpaeniformes,Demersal
Heptranchias perlo,Heptranchias perlo,Heptranchias,perlo,174.19626,0.148901682,27583.66828,19.17929769,7.55704065,0.236471314,104.168875,17.21433458,131,Bathydemersal,Sharpnose sevengill shark,,Demersal,Hexanchiformes,Elasmobranchii,Demersal
Hexanchus griseus,Hexanchus griseus,Hexanchus,griseus,174.19626,0.148901682,27583.66828,19.17929769,7.55704065,0.236471314,104.168875,17.21433458,220,Bathydemersal,Bluntnose sixgill shark,,Demersal,Hexanchiformes,Elasmobranchii,Demersal
Hippocampus guttulatus,Hippocampus guttulatus,Hippocampus,guttulatus,14.95892876,1.148085201,7.308397137,3.450769919,0.742232999,1.225440757,8.612449969,22.39212004,15,Demersal,Long-snouted seahorse,,Demersal,Syngnathiformes,Other,Demersal
Hippocampus hippocampus,Hippocampus hippocampus,Hippocampus,hippocampus,13.24164195,1.431448573,4.903162846,3.154408755,0.639884296,1.333122319,7.939443338,22.69293265,16,Demersal,Short-snouted seahorse,,Demersal,Syngnathiformes,Other,Demersal
Hippoglossoides platessoides,Hippoglossoides platessoides,Hippoglossoides,platessoides,62.57896503,0.107111676,2558.348951,26.9517304,7.478051256,0.210817512,31.93003815,3.096044375,49,Demersal,Long rough dab,Demersal,Demersal,Pleuronectiformes,Pleuronectiformes,Demersal
Hippoglossus hippoglossus,Hippoglossus hippoglossus,Hippoglossus,hippoglossus,204.4979165,0.065355646,144635.4726,42.93345149,12.68490419,0.116466519,97.33570836,9.927141091,155,Demersal,Halibut,Demersal,Demersal,Pleuronectiformes,Pleuronectiformes,Demersal
Hoplostethus atlanticus,Hoplostethus atlanticus,Hoplostethus,atlanticus,59.35313396,0.069120133,1875.593084,21.80237706,8.624113008,0.19221862,30.21077215,11.80892144,8,Bathypelagic,Orange roughy,,Demersal,Beryciformes,Other,Pelagic
Hoplostethus cadenati,Hoplostethus cadenati,Hoplostethus,cadenati,39.29785412,0.119547558,513.8762019,13.92551255,5.374366416,0.317792487,20.91703223,13.5974265,26,Bathypelagic,Black slimehead,,Demersal,Beryciformes,Other,Pelagic
Hoplostethus mediterraneus mediterraneus,Hoplostethus mediterraneus,Hoplostethus,mediterraneus,30.03811198,0.129190887,195.2442835,11.93657981,4.754130815,0.360483231,16.12680186,13.79553762,29,Benthopelagic,Mediterranean slimehead,,Demersal,Beryciformes,Other,Demersal
Howella brodiei,Howella brodiei,Howella,brodiei,12.30933957,0.598558538,16.61592198,6.242360026,1.450776084,0.831965161,8.308410751,7.419685329,9,Bathypelagic,Pelagic basslet,,Demersal,Perciformes,Other,Pelagic
Howella sherborni,Howella sherborni,Howella,sherborni,18.01574741,0.501494734,55.73454679,7.15329696,1.687491005,0.738792476,11.38417892,11.4878419,6,Bathypelagic,Sherborn's pelagic bass,,Demersal,Perciformes,Other,Pelagic
Hydrolagus mirabilis,Hydrolagus mirabilis,Hydrolagus,mirabilis,93.88084601,0.166568093,6104.378267,16.46784584,5.717155122,0.281248925,55.00332871,13.94886675,52,Bathydemersal,Large-eyed rabbitfish,,Demersal,Chimaeriformes,Other,Demersal
Hygophum benoiti,Hygophum benoiti,Hygophum,benoiti,9.461291883,0.657286867,8.326966067,3.568326793,1.11430565,1.49470543,5.712577048,15.12030665,6,Bathypelagic,Benoit's lantern fish,,Demersal,Myctophiformes,Other,Pelagic
Hymenocephalus gracilis,Hymenogadus gracilis,Hymenogadus,gracilis,51.19674323,0.165442341,834.1100553,20.84235937,5.900143448,0.268193661,31.01452553,13.11999846,3,Bathypelagic,Slender membranehead,,Demersal,Gadiformes,Gadiformes,Pelagic
Hymenocephalus italicus,Hymenocephalus italicus,Hymenocephalus,italicus,46.04807982,0.194976748,604.1752258,18.24659976,5.128236759,0.312299762,28.20219262,13.95451151,22,Benthopelagic,Glasshead grenadier,,Demersal,Gadiformes,Gadiformes,Demersal
Hyperoplus immaculatus,Hyperoplus immaculatus,Hyperoplus,immaculatus,31.03631636,0.384839106,188.0679214,9.578399246,2.372489268,0.631498122,18.48672497,12.45711668,54,Demersal,Sandeel,,Demersal,Perciformes,Other,Demersal
Icelus bicornis,Icelus bicornis,Icelus,bicornis,23.6449772,0.230005835,146.0224993,9.934476545,3.06049427,0.410487559,13.57903937,9.745906954,10,Demersal,Twohorn sculpin,,Demersal,Scorpaeniformes,Scorpaeniformes,Demersal
Labrus bergylta,Labrus bergylta,Labrus,bergylta,47.83418197,0.127729141,1934.661519,25.10097712,5.978434906,0.201017352,26.66104923,12.99510245,48,Demersal,Ballan wrasse,,Demersal,Perciformes,Other,Demersal
Labrus mixtus,Labrus mixtus,Labrus,mixtus,35.73543767,0.168351342,828.7496093,16.41755229,4.096228065,0.31364681,18.93523007,18.54038776,37,Demersal,Cuckoo wrasse,,Demersal,Perciformes,Other,Demersal
Lamna nasus,Lamna nasus,Lamna,nasus,300.9485137,0.091360565,198596.7764,30.52964129,12.93416851,0.152397888,184.5174984,9.894828787,205,Pelagic,Porbeagle,,Pelagic,Lamniformes,Elasmobranchii,Pelagic
Lampadena,Oreochromis niloticus,Oreochromis,niloticus,24.97865234,2.028049158,411.0415687,5.878644224,1.137615738,1.627238776,20.98252884,25.3208835,21,Bathypelagic,Lanternfishes,,Pelagic,Myctophiformes,Other,Pelagic
Lampanyctus crocodilus,Lampanyctus crocodilus,Lampanyctus,crocodilus,9.461291883,0.657286867,8.326966067,3.568326793,1.11430565,1.49470543,5.712577048,15.12030665,22,Bathypelagic,Jewel lanternfish,,Pelagic,Myctophiformes,Other,Pelagic
Lampanyctus photonotus,Lampanyctus photonotus,Lampanyctus,photonotus,9.461291883,0.657286867,8.326966067,3.568326793,1.11430565,1.49470543,5.712577048,15.12030665,10,Bathypelagic,Lanternfish,,Pelagic,Myctophiformes,Other,Pelagic
Lampetra fluviatilis,Lampetra fluviatilis,Lampetra,fluviatilis,24.88410084,0.222549287,146.257768,8.161819822,3.191473565,0.559489576,14.61529221,15.475582,39,Demersal,European river lamprey,Demersal,Demersal,Petromyzontiformes,Other,Demersal
Lepadogaster lepadogaster,Lepadogaster lepadogaster,Lepadogaster,lepadogaster,8.749922504,0.701983078,6.998484994,3.774061695,1.083017178,1.336621101,5.445207647,17.92399521,7,Demersal,Shore clingfish,,Demersal,Gobiesociformes,Other,Demersal
Lepidion eques,Lepidion eques,Lepidion,eques,42.32149745,0.23105072,799.588604,13.97124815,4.430524928,0.405509786,27.52617628,18.69725123,27,Benthopelagic,North Atlantic codling,,Demersal,Gadiformes,Gadiformes,Demersal
Lepidopus caudatus,Lepidopus caudatus,Lepidopus,caudatus,153.4023015,0.233192075,6630.825289,11.91314569,2.89970693,0.322197825,70.04871762,11.84278688,178,Benthopelagic,Silver scabbardfish,,Demersal,Perciformes,Other,Demersal
Lepidorhombus boscii,Lepidorhombus boscii,Lepidorhombus,boscii,37.25842391,0.186755396,496.362839,11.54998779,2.562569396,0.382137578,15.91915961,13.96311307,54,Demersal,Four spot megrim,,Demersal,Pleuronectiformes,Pleuronectiformes,Demersal
Lepidorhombus whiffiagonis,Lepidorhombus whiffiagonis,Lepidorhombus,whiffiagonis,51.22505823,0.154853753,1150.876367,13.14004585,2.708040959,0.301679286,20.24996872,10.37886319,65,Bathydemersal,Megrim,Demersal,Demersal,Pleuronectiformes,Pleuronectiformes,Demersal
Lepidotrigla cavillone,Lepidotrigla cavillone,Lepidotrigla,cavillone,18.22359669,0.409763611,76.42217014,7.646339323,2.386673099,0.714663633,11.01320775,18.65257885,17,Demersal,Large-scaled gurnard,,Demersal,Scorpaeniformes,Scorpaeniformes,Demersal
Lepidotrigla dieuzeidei,Lepidotrigla dieuzeidei,Lepidotrigla,dieuzeidei,24.55090686,0.361818805,168.7904795,8.918198559,2.772334333,0.596727039,14.71115727,16.8096246,20,Demersal,Spiny gurnard,,Demersal,Scorpaeniformes,Scorpaeniformes,Demersal
Leptagonus decagonus,Leptagonus decagonus,Leptagonus,decagonus,21.60259291,0.310558234,90.80467669,7.33462935,2.361428716,0.581818532,12.437972,10.7041871,12,Demersal,Atlantic poacher,Demersal,Demersal,Scorpaeniformes,Scorpaeniformes,Demersal
Leptoclinus maculatus,Leptoclinus maculatus,Leptoclinus,maculatus,35.79711058,0.241145487,512.7654797,12.27154095,3.058738898,0.419592757,20.04163933,14.76994279,21,Demersal,Spotted snake blenny,Demersal,Demersal,Perciformes,Other,Demersal
Lestidiops jayakari jayakari,Lestidiops jayakari,Lestidiops,jayakari,22.62482613,0.585636479,63.090369,4.645165379,1.365874546,0.944792498,13.49229141,10.14637234,20,Bathypelagic,Pacific barracudina,,Demersal,Aulopiformes,Other,Pelagic
Leucoraja circularis,Leucoraja circularis,Leucoraja,circularis,83.17520807,0.160253763,3197.588949,14.95672525,7.087821266,0.269428138,57.32403327,13.10095208,142,Demersal,Sandy ray,Demersal,Demersal,Rajiformes,Elasmobranchii,Demersal
Leucoraja fullonica,Leucoraja fullonica,Leucoraja,fullonica,83.17520807,0.160253763,3197.588949,14.95672525,7.087821266,0.269428138,57.32403327,13.10095208,129,Bathydemersal,Shagreen ray,Demersal,Demersal,Rajiformes,Elasmobranchii,Demersal
Leucoraja naevus,Leucoraja naevus,Leucoraja,naevus,83.66008501,0.138692267,3134.166003,17.48017741,8.110594577,0.219614987,58.74995775,10.09304142,90,Demersal,Cuckoo ray,Demersal,Demersal,Rajiformes,Elasmobranchii,Demersal
Limanda limanda,Limanda limanda,Limanda,limanda,31.66794671,0.318680443,416.9005177,11.32403506,2.556098726,0.361263931,16.06727659,9.672475691,47,Demersal,Common dab,Demersal,Demersal,Pleuronectiformes,Pleuronectiformes,Demersal
Liparis liparis liparis,Liparis liparis,Liparis,liparis,16.19644699,0.624337685,41.95080999,5.047592026,1.486590034,0.985566562,10.08950028,15.48650288,19,Demersal,Striped seasnail,,Demersal,Scorpaeniformes,Scorpaeniformes,Demersal
Liparis montagui,Liparis montagui,Liparis,montagui,16.19644699,0.624337685,41.95080999,5.047592026,1.486590034,0.985566562,10.08950028,15.48650288,16,Demersal,Montagu's seasnail,Demersal,Demersal,Scorpaeniformes,Scorpaeniformes,Demersal
Lithognathus mormyrus,Lithognathus mormyrus,Lithognathus,mormyrus,36.43230871,0.212321475,641.0518476,13.41748386,3.103116263,0.471126806,17.73757727,19.00832022,41,Demersal,Striped seabream,,Demersal,Perciformes,Other,Demersal
Liza aurata,Liza aurata,Liza,aurata,51.49784992,0.22438594,2289.194716,7.908776046,2.437878512,0.399683023,25.99399933,17.28914641,64,Pelagic,Golden grey mullet,,Pelagic,Perciformes,Other,Pelagic
Liza ramada,Liza ramada,Liza,ramada,44.94193245,0.245597725,1050.972803,9.926914108,2.784700207,0.397173801,24.10077588,18.20324807,63,Pelagic,Thinlip grey mullet,,Pelagic,Perciformes,Other,Pelagic
Lobianchia dofleini,Lobianchia dofleini,Lobianchia,dofleini,4.997798882,1.236946996,1.43116692,1.846025304,0.593541678,3.27633775,3.038478729,21.73736243,7,Bathypelagic,Dofleini's lantern fish,,Demersal,Myctophiformes,Other,Pelagic
Lobianchia gemellarii,Lobianchia gemellarii,Lobianchia,gemellarii,6.876455046,0.901681216,3.45214113,2.566558309,0.813256936,2.212952739,4.166238573,18.42883454,8,Bathypelagic,Cocco's lantern fish,,Demersal,Myctophiformes,Other,Pelagic
Lophius budegassa,Lophius budegassa,Lophius,budegassa,88.00125121,0.111574668,8190.972785,12.75887695,4.068755711,0.283183315,34.91238207,14.14108815,92,Bathydemersal,Black bellied angler,Demersal,Demersal,Lophiiformes,Other,Demersal
Lophius piscatorius,Lophius piscatorius,Lophius,piscatorius,138.9726673,0.110838957,31870.29554,11.68497458,3.918261945,0.286677204,53.03474697,12.91271296,143,Bathydemersal,Angler,Demersal,Demersal,Lophiiformes,Other,Demersal
Lumpenus lampretaeformis,Lumpenus lampretaeformis,Lumpenus,lampretaeformis,46.44062693,0.19427219,988.4524787,15.30880355,3.828758,0.320470897,26.07680749,10.58399387,45,Demersal,Snakeblenny,Demersal,Demersal,Perciformes,Other,Demersal
Lycenchelys sarsii,Lycenchelys sarsii,Lycenchelys,sarsii,43.41991165,0.247033254,658.3456853,11.18346425,2.926060734,0.462673348,23.31579859,13.67314888,19,Bathydemersal,Sar's wolf eel,Demersal,Demersal,Perciformes,Other,Demersal
Lycodes gracilis,Lycodes gracilis,Lycodes,gracilis,56.64034455,0.225692027,1216.402807,11.71970092,3.229544522,0.437323774,30.05757121,9.341776906,27,Demersal,Eelpout,,Demersal,Perciformes,Other,Demersal
Lycodes vahlii,Lycodes vahlii,Lycodes,vahlii,57.43247972,0.2247158,1296.764056,11.69803966,3.226911073,0.440643762,30.25258972,10.18229882,57,Bathydemersal,Vahl's eelpout,Demersal,Demersal,Perciformes,Other,Demersal
Macroparalepis affinis,Macroparalepis affinis,Macroparalepis,affinis,23.10341333,0.59904822,73.24824092,4.473815881,1.316700025,1.006509349,13.44051952,13.55849016,19,Bathypelagic,Macroparalepis affine,,Demersal,Aulopiformes,Other,Pelagic
Macroramphosus scolopax,Macroramphosus scolopax,Macroramphosus,scolopax,16.96592711,0.528600717,26.41166849,4.898465908,1.377381658,0.942424623,9.610450607,16.67793433,27,Demersal,Longspine snipefish,,Demersal,Syngnathiformes,Other,Demersal
Macrourus berglax,Macrourus berglax,Macrourus,berglax,80.57338842,0.084646586,3454.707064,35.49710172,10.36509141,0.147311364,46.0527176,11.35431481,66,Benthopelagic,Rough-head grenadier,,Demersal,Gadiformes,Gadiformes,Demersal
Malacocephalus laevis,Malacocephalus laevis,Malacocephalus,laevis,51.19674323,0.165442341,834.1100553,20.84235937,5.900143448,0.268193661,31.01452553,13.11999846,79,Bathydemersal,Softhead rat tail,,Demersal,Gadiformes,Gadiformes,Demersal
Margrethia obtusirostra,Margrethia obtusirostra,Margrethia,obtusirostra,13.91044324,0.614789683,18.97807762,4.249806138,1.250946448,1.037042866,8.692957952,8.838878553,4,Bathypelagic,Bighead portholefish,,Demersal,Stomiiformes,Other,Pelagic
Maurolicus muelleri,Maurolicus muelleri,Maurolicus,muelleri,6.641879369,0.819730123,2.168174166,3.213052627,0.932204336,1.375661495,4.503243115,6.255773853,11,Bathypelagic,Pearlside,,Pelagic,Stomiiformes,Other,Pelagic
Melanogrammus aeglefinus,Melanogrammus aeglefinus,Melanogrammus,aeglefinus,68.30008895,0.238768679,2838.542083,12.86928836,2.587949667,0.35426502,35.10394082,8.673701491,87,Demersal,Haddock,Demersal,Demersal,Gadiformes,Gadiformes,Demersal
Melanonus zugmayeri,Melanonus zugmayeri,Melanonus,zugmayeri,53.46387612,0.216515962,1173.399158,12.95609051,3.699968765,0.37387168,30.64003068,12.53136436,21,Bathypelagic,Arrowtail,,Demersal,Gadiformes,Gadiformes,Pelagic
Melanostomias bartonbeani,Melanostomias bartonbeani,Melanostomias,bartonbeani,23.53975671,0.423800313,85.86945688,6.273550591,1.825042802,0.668768087,14.26973939,7.239542332,26,Bathypelagic,Scaleless black dragonfish,,Demersal,Stomiiformes,Other,Pelagic
Merlangius merlangus,Merlangius merlangus,Merlangius,merlangus,44.33877533,0.292296097,800.183293,9.665445892,2.094891194,0.471925194,23.8411333,8.952892406,80,Benthopelagic,Whiting,Demersal,Demersal,Gadiformes,Gadiformes,Demersal
Merluccius merluccius,Merluccius merluccius,Merluccius,merluccius,81.17182429,0.140354938,3684.457335,12.36453723,3.235970422,0.319423286,33.96894896,13.77911769,130,Demersal,Hake,Demersal,Demersal,Gadiformes,Gadiformes,Demersal
Micrenophrys lilljeborgii,Micrenophrys lilljeborgii,Micrenophrys,lilljeborgii,25.38502199,0.233773611,176.4066223,9.932882231,3.053365897,0.411419884,14.52441227,9.909149647,10,Demersal,Norway bullhead,,Demersal,Scorpaeniformes,Scorpaeniformes,Demersal
Microchirus azevia,Microchirus azevia,Microchirus,azevia,33.59462251,0.262460861,401.9558782,16.28659648,3.666144907,0.297917973,21.81348949,13.19141356,33,Demersal,Soles,,Demersal,Pleuronectiformes,Pleuronectiformes,Demersal
Microchirus boscanion,Microchirus boscanion,Microchirus,boscanion,29.10891556,0.295755609,254.5128315,13.70430016,2.99184187,0.347813631,18.24135678,13.67531613,17,Demersal,Lusitanian sole,,Demersal,Pleuronectiformes,Pleuronectiformes,Demersal
Microchirus ocellatus,Microchirus ocellatus,Microchirus,ocellatus,29.10891556,0.295755609,254.5128315,13.70430016,2.99184187,0.347813631,18.24135678,13.67531613,15,Demersal,Foureyed sole,,Demersal,Pleuronectiformes,Pleuronectiformes,Demersal
Microchirus variegatus,Microchirus variegatus,Microchirus,variegatus,20.52374817,0.352022123,88.23935554,11.70267456,2.538406282,0.40796208,13.44747046,11.82338493,29,Demersal,Thickback sole,Demersal,Demersal,Pleuronectiformes,Pleuronectiformes,Demersal
Micromesistius poutassou,Micromesistius poutassou,Micromesistius,poutassou,35.87069793,0.28268919,350.9686714,12.05687036,3.036645905,0.413755423,23.43814133,12.15022769,47,Bathypelagic,Blue whiting,,Pelagic,Gadiformes,Gadiformes,Pelagic
Microstomus kitt,Microstomus kitt,Microstomus,kitt,38.55072953,0.214216577,994.1470524,26.74626023,6.559481013,0.22617592,26.54519621,10.13174795,63,Demersal,Lemon sole,Demersal,Demersal,Pleuronectiformes,Pleuronectiformes,Demersal
Mola mola,Mola mola,Mola,mola,284.194256,0.201868185,219673.3469,14.32197063,4.45899786,0.349905513,133.5537652,20.34606531,100,Pelagic,Ocean sunfish,,Pelagic,Tetraodontiformes,Other,Pelagic
Molva dypterygia,Molva dypterygia,Molva,dypterygia,137.6495022,0.131493924,13984.72619,20.36722806,6.337971721,0.22853843,74.57834146,8.962669349,125,Demersal,Blue ling,Demersal,Demersal,Gadiformes,Gadiformes,Demersal
Molva macrophthalma,Molva macrophthalma,Molva,macrophthalma,109.5878433,0.141816001,10953.75363,19.40487812,6.196209864,0.259288605,62.36041238,9.440113749,132,Demersal,Spanish ling,,Demersal,Gadiformes,Gadiformes,Demersal
Molva molva,Molva molva,Molva,molva,147.3996641,0.118577201,38544.01032,24.01753965,8.002003866,0.233142838,84.11644476,9.127989782,155,Demersal,Ling,Demersal,Demersal,Gadiformes,Gadiformes,Demersal
Monochirus hispidus,Monochirus hispidus,Monochirus,hispidus,13.31470025,0.41441244,33.30828603,8.144525388,1.644916962,0.567346752,7.883555465,14.22955059,23,Demersal,Whiskered sole,,Demersal,Pleuronectiformes,Pleuronectiformes,Demersal
Monolene microstoma,Monolene microstoma,Monolene,microstoma,23.84068289,0.383990088,109.4370503,7.861501519,1.676756646,0.570175858,12.11581109,15.30968111,16,Demersal,Smallmouth moonflounder,,Demersal,Pleuronectiformes,Pleuronectiformes,Demersal
Mora moro,Mora moro,Mora,moro,61.17935044,0.128607919,1897.060012,20.20674573,6.147091329,0.234053034,35.81462169,10.13325824,68,Bathypelagic,Mora,,Demersal,Gadiformes,Gadiformes,Pelagic
Mugil cephalus,Mugil cephalus,Mugil,cephalus,59.69639333,0.247450922,2061.674576,14.9483407,3.852972252,0.328870344,34.68686389,19.28253569,54,Benthopelagic,Flathead (grey) mullet,,Demersal,Perciformes,Other,Demersal
Mullus barbatus barbatus,Mullus barbatus barbatus,Mullus,barbatus,NA,NA,NA,NA,NA,NA,NA,NA,33,Demersal,Red mullet,,Demersal,Perciformes,Other,Demersal
Mullus surmuletus,Mullus surmuletus,Mullus,surmuletus,31.07467737,0.280739344,300.1669405,8.09192923,1.258647026,0.456524368,16.10696988,18.4911093,55,Demersal,Striped red mullet,Demersal,Demersal,Perciformes,Other,Demersal
Muraena helena,Muraena helena,Muraena,helena,158.6496417,0.092601991,24974.73553,22.55117415,6.998938686,0.178146958,73.49007281,14.19076111,115,Demersal,Mediterranean moray,,Demersal,Anguilliformes,Other,Demersal
Mustelus asterias,Mustelus asterias,Mustelus,asterias,115.3178514,0.167521014,7946.855731,15.30067121,5.417310179,0.240176521,71.08821574,15.19655224,151,Demersal,Starry smooth hound,Demersal,Demersal,Carcharhiniformes,Elasmobranchii,Demersal
Mustelus mustelus,Mustelus mustelus,Mustelus,mustelus,157.2883669,0.1244111,22365.6467,20.19084379,7.116171497,0.189292458,91.49064823,19.79582236,186,Demersal,Smooth hound,Demersal,Demersal,Carcharhiniformes,Elasmobranchii,Demersal
Myctophum punctatum,Myctophum punctatum,Myctophum,punctatum,9.147623388,0.36844404,7.16565263,5.365765762,1.654024524,0.896842537,5.285615749,13.80887656,14,Bathypelagic,Spotted lanternfish,,Pelagic,Myctophiformes,Other,Pelagic
Myliobatis aquila,Myliobatis aquila,Myliobatis,aquila,109.4838982,0.147357792,5322.3465,14.46361665,5.236695085,0.281172069,57.10482155,18.01699551,187,Benthopelagic,Common eagle ray,,Demersal,Myliobatiformes,Elasmobranchii,Demersal
Myoxocephalus quadricornis,Myoxocephalus quadricornis,Myoxocephalus,quadricornis,36.70566012,0.268835416,468.8551097,9.523257327,2.886659707,0.43751825,20.59390022,11.33009122,21,Demersal,Four-horn sculpin,Demersal,Demersal,Scorpaeniformes,Scorpaeniformes,Demersal
Myoxocephalus scorpioides,Myoxocephalus scorpioides,Myoxocephalus,scorpioides,39.3025915,0.269705816,564.3656816,9.603591157,2.907022406,0.434181388,21.96025655,11.44221301,27,Demersal,Arctic sculpin,Demersal,Demersal,Scorpaeniformes,Scorpaeniformes,Demersal
Myoxocephalus scorpius,Myoxocephalus scorpius,Myoxocephalus,scorpius,24.57436102,0.412404185,129.8396177,6.79825658,2.018186298,0.627966973,14.67744581,9.870557682,35,Demersal,Bullrout,Demersal,Demersal,Scorpaeniformes,Scorpaeniformes,Demersal
Myxine glutinosa,Myxine glutinosa,Myxine,glutinosa,93.40017188,0.148906901,5780.724111,17.69957656,6.17734846,0.256751681,54.30540958,13.29509982,79,Demersal,Hagfish,Demersal,Demersal,Myxiniformes,Other,Demersal
Nansenia tenera,Nansenia tenera,Nansenia,tenera,19.87093983,0.519249046,60.56972746,6.159839161,2.036391784,0.88383161,13.52569688,12.4113074,13,Pelagic,Pencil smelts,,Pelagic,Osmeriformes,Other,Pelagic
Naucrates ductor,Naucrates ductor,Naucrates,ductor,38.76772007,2.051430325,371.4248025,2.561032893,0.614697832,2.874539377,22.98185003,21.6667182,31,Demersal,Pilotfish,,Demersal,Perciformes,Other,Demersal
Nemichthys scolopaceus,Nemichthys scolopaceus,Nemichthys,scolopaceus,103.3089935,0.199521435,4564.349943,13.06754014,3.94883026,0.311219849,54.58435767,5.732025973,114,Bathypelagic,Slender snipe eel,,Demersal,Anguilliformes,Other,Pelagic
Neoraja iberica,Neoraja iberica,Neoraja,iberica,104.3380965,0.140703815,6417.451776,15.87432149,7.81621934,0.254206491,69.10121897,14.06143674,35,Bathydemersal,Iberian pygmy skate,,Demersal,Rajiformes,Elasmobranchii,Demersal
Nerophis lumbriciformis,Nerophis lumbriciformis,Nerophis,lumbriciformis,17.111355,0.943527515,8.769720481,4.011032326,0.911328004,1.007535678,10.18855864,14.25436187,13,Demersal,Worm pipefish,,Demersal,Syngnathiformes,Other,Demersal
Nerophis ophidion,Nerophis ophidion,Nerophis,ophidion,16.05902096,0.92544018,6.583101837,4.125470034,0.935379007,0.952714328,9.812528176,10.87257023,40,Demersal,Straight-nosed pipefish,Demersal,Demersal,Syngnathiformes,Other,Demersal
Nesiarchus nasutus,Nesiarchus nasutus,Nesiarchus,nasutus,52.0019582,0.276192504,1046.394165,12.18934701,2.940901329,0.422597733,28.53905158,17.00630775,75,Benthopelagic,Black gemfish,,Demersal,Perciformes,Other,Demersal
Nessorhamphus ingolfianus,Nessorhamphus ingolfianus,Nessorhamphus,ingolfianus,76.68788782,0.18596533,2535.509802,12.85846315,3.863098583,0.325239852,39.4728063,11.84452303,46,Bathypelagic,Duckbill oceanic eel,,Demersal,Anguilliformes,Other,Pelagic
Nettastoma melanurum,Nettastoma melanurum,Nettastoma,melanurum,72.99330569,0.206294456,2009.118565,12.11337341,3.610208409,0.34301195,38.53892681,9.819161636,60,Bathydemersal,Blackfin scorcerer,,Demersal,Anguilliformes,Other,Demersal
Nezumia,Oreochromis niloticus,Oreochromis,niloticus,24.97865234,2.028049158,411.0415687,5.878644224,1.137615738,1.627238776,20.98252884,25.3208835,11,Benthopelagic,Rattails,,Demersal,Gadiformes,Gadiformes,Demersal
Nezumia aequalis,Nezumia aequalis,Nezumia,aequalis,40.27811877,0.165908203,441.9449094,19.93211823,5.669518513,0.281442964,24.64925094,13.42564032,49,Benthopelagic,Common Atlantic Grenadier,,Demersal,Gadiformes,Gadiformes,Demersal
Nezumia sclerorhynchus,Nezumia sclerorhynchus,Nezumia,sclerorhynchus,31.54520041,0.151636563,246.9743119,20.07951353,5.779697547,0.280405771,19.22989756,14.72805574,18,Bathypelagic,Roughtip grenadier,,Demersal,Gadiformes,Gadiformes,Pelagic
Notacanthus bonaparte,Notacanthus bonaparte,Notacanthus,bonaparte,33.7236805,0.346738912,327.8308349,7.622939544,2.223921258,0.616344558,18.8154381,16.50669439,35,Bathypelagic,Shortfin spiny eel,,Demersal,Notacanthiformes,Other,Pelagic
Notoscopelus,Oreochromis niloticus,Oreochromis,niloticus,24.97865234,2.028049158,411.0415687,5.878644224,1.137615738,1.627238776,20.98252884,25.3208835,15,Pelagic,Lanternfishes,,Pelagic,Myctophiformes,Other,Pelagic
Notoscopelus elongatus,Notoscopelus elongatus,Notoscopelus,elongatus,12.87974394,0.501086626,32.13950067,5.017502918,1.587333664,1.047953493,8.222195753,9.022456253,5,Pelagic,Lanternfishes,,Pelagic,Myctophiformes,Other,Pelagic
Notoscopelus kroyeri,Notoscopelus kroyeri,Notoscopelus,kroyeri,15.02841935,0.363782213,43.01653748,6.078447002,1.951249081,0.832581178,8.96831006,10.87018806,17,Pelagic,Lancet fish,,Pelagic,Myctophiformes,Other,Pelagic
Ophichthus rufus,Ophichthus rufus,Ophichthus,rufus,79.07844913,0.202880832,2356.073325,12.46392975,3.732984112,0.329266989,42.03962657,7.766333962,55,Demersal,Rufus snake-eel,,Demersal,Anguilliformes,Other,Demersal
Ophidion barbatum,Ophidion barbatum,Ophidion,barbatum,58.89839635,0.22697659,1353.30883,12.72083221,3.685527777,0.387173664,32.36794764,13.29968244,33,Demersal,Snake blenny,,Demersal,Ophidiiformes,Other,Demersal
Ophisurus serpens,Ophisurus serpens,Ophisurus,serpens,77.87399589,0.19423903,2444.145456,12.65965961,3.797484119,0.327247226,40.73600418,9.805428495,167,Demersal,Serpent eel,,Demersal,Anguilliformes,Other,Demersal
Opisthoproctus soleatus,Opisthoproctus soleatus,Opisthoproctus,soleatus,18.39431483,0.507498041,46.51375324,6.3719103,2.090278199,0.835972288,12.80801023,10.18430352,4,Bathypelagic,Barrel-eye,,Demersal,Osmeriformes,Other,Pelagic
Osmerus eperlanus,Osmerus eperlanus,Osmerus,eperlanus,23.18760821,0.33290047,69.31689004,9.225971104,3.740577997,0.574454575,17.44224473,3.716217685,27,Pelagic,Smelt,,Pelagic,Osmeriformes,Other,Pelagic
Oxynotus centrina,Oxynotus centrina,Oxynotus,centrina,117.9278776,0.09035523,9217.171365,28.98686186,13.3969301,0.155743659,78.29739416,13.21646287,61,Bathydemersal,Angular roughshark,,Demersal,Squaliformes,Elasmobranchii,Demersal
Oxynotus paradoxus,Oxynotus paradoxus,Oxynotus,paradoxus,117.9278776,0.09035523,9217.171365,28.98686186,13.3969301,0.155743659,78.29739416,13.21646287,70,Bathydemersal,Sailfin roughshark,,Demersal,Squaliformes,Elasmobranchii,Demersal
Pagellus acarne,Pagellus acarne,Pagellus,acarne,31.10272608,0.242389679,424.4111301,9.275779966,2.429840605,0.413668728,16.67952169,17.37497416,42,Benthopelagic,Spanish sea bream,,Demersal,Perciformes,Other,Demersal
Pagellus bellottii,Pagellus bellottii,Pagellus,bellottii,35.56850782,0.272624669,607.170611,8.70948934,2.178473564,0.503395389,17.68408819,24.06018017,30,Demersal,Red pandora,,Demersal,Perciformes,Other,Demersal
Pagellus bogaraveo,Pagellus bogaraveo,Pagellus,bogaraveo,53.61573108,0.136200374,2523.198448,14.16441502,3.849419903,0.262152832,26.54410981,13.52085406,41,Benthopelagic,Red sea bream,,Demersal,Perciformes,Other,Demersal
Pagellus erythrinus,Pagellus erythrinus,Pagellus,erythrinus,37.83793869,0.190934979,654.11138,11.54638442,2.920109777,0.353385898,18.86863338,19.21105496,50,Benthopelagic,Pandora,Demersal,Demersal,Perciformes,Other,Demersal
Pagrus auriga,Pagrus auriga,Pagrus,auriga,56.38033188,0.169482694,2915.852259,14.47743706,3.643826916,0.33414367,27.50492525,19.2436557,60,Benthopelagic,Redbanded seabream,,Demersal,Perciformes,Other,Demersal
Pagrus caeruleostictus,Pagrus caeruleostictus,Pagrus,caeruleostictus,42.36510548,0.237833889,1564.324467,10.66754848,2.66538049,0.489616676,20.79862387,24.65149107,15,Benthopelagic,Bluespotted seabream,,Demersal,Perciformes,Other,Demersal
Pagrus pagrus,Pagrus pagrus,Pagrus,pagrus,56.36349629,0.162559304,3219.374844,14.89347393,3.77212561,0.334800485,27.19981041,20.95907075,99,Benthopelagic,Common seabream,,Demersal,Perciformes,Other,Demersal
Parablennius gattorugine,Parablennius gattorugine,Parablennius,gattorugine,17.84261703,0.504490928,59.67123411,6.005828578,1.450218634,0.929875411,10.08076815,19.14075211,17,Demersal,Tompot blenny,,Demersal,Perciformes,Other,Demersal
Paralepis coregonoides,Paralepis coregonoides,Paralepis,coregonoides,23.10341333,0.59904822,73.24824092,4.473815881,1.316700025,1.006509349,13.44051952,13.55849016,21,Bathypelagic,Sharpchin barracudina,,Demersal,Aulopiformes,Other,Pelagic
Paraliparis membranaceus,Paraliparis membranaceus,Paraliparis,membranaceus,26.30110068,0.410708064,167.4313019,7.373280111,2.201526147,0.639618029,15.814392,12.90266385,8,Bathydemersal,Snailfish,,Demersal,Scorpaeniformes,Scorpaeniformes,Demersal
Parapristipoma octolineatum,Parapristipoma octolineatum,Parapristipoma,octolineatum,42.5077326,0.286999967,868.682264,12.0161657,2.799402323,0.603495564,22.22193199,21.75528884,27,Demersal,African striped grunt,,Demersal,Perciformes,Other,Demersal
Parasudis fraserbrunneri,Parasudis fraserbrunneri,Parasudis,fraserbrunneri,24.81625008,0.414446871,102.8202601,5.931292015,1.796798176,0.743429501,14.27687877,13.27369035,20,Bathydemersal,Greeneye,,Demersal,Aulopiformes,Other,Demersal
Pegusa lascaris,Pegusa lascaris,Pegusa,lascaris,29.03282659,0.355852078,236.7261982,13.98212051,2.863952241,0.367968461,19.05484564,13.04741929,35,Demersal,Sand sole,Demersal,Demersal,Pleuronectiformes,Pleuronectiformes,Demersal
Peristedion cataphractum,Peristedion cataphractum,Peristedion,cataphractum,34.23320295,0.230496514,420.5172871,11.4993117,3.504017617,0.38875522,19.61049675,12.60550149,30,Demersal,African armoured searobin,,Demersal,Scorpaeniformes,Scorpaeniformes,Demersal
Petromyzon marinus,Petromyzon marinus,Petromyzon,marinus,48.18340887,0.170045422,971.2990247,10.91610316,4.373156366,0.432913529,26.81256874,15.66531681,80,Demersal,Sea lamprey,Demersal,Demersal,Petromyzontiformes,Other,Demersal
Pholis gunnellus,Pholis gunnellus,Pholis,gunnellus,23.64653551,0.329976744,135.7259016,9.663714285,2.356962897,0.532405522,14.21755895,11.51231839,34,Demersal,Butterfish,Demersal,Demersal,Perciformes,Other,Demersal
Photostomias guernei,Photostomias guernei,Photostomias,guernei,23.53975671,0.423800313,85.86945688,6.273550591,1.825042802,0.668768087,14.26973939,7.239542332,10,Bathypelagic,Barbeled dragonfish,,Demersal,Stomiiformes,Other,Pelagic
Phrynorhombus norvegicus,Phrynorhombus norvegicus,Phrynorhombus,norvegicus,39.13470131,0.273074072,641.5644991,10.36003038,2.181535553,0.447863876,18.15806594,15.27173339,15,Demersal,Norwegian topknot,Demersal,Demersal,Pleuronectiformes,Pleuronectiformes,Demersal
Phycis blennoides,Phycis blennoides,Phycis,blennoides,49.27661892,0.305055473,850.4489631,7.489931522,2.091680756,0.458768983,26.71618144,14.4747552,81,Benthopelagic,Greater forkbeard,Demersal,Demersal,Gadiformes,Gadiformes,Demersal
Phycis phycis,Phycis phycis,Phycis,phycis,60.94122415,0.239356565,1597.293327,6.023915429,1.978702631,0.50335007,28.65601431,15.71012233,50,Benthopelagic,Forkbeard,,Demersal,Gadiformes,Gadiformes,Demersal
Physiculus dalwigki,Physiculus dalwigki,Physiculus,dalwigki,56.8028357,0.198222489,1375.001169,14.824057,4.403570555,0.333512134,34.05741734,11.59407685,26,Benthopelagic,Black codling,,Demersal,Gadiformes,Gadiformes,Demersal
Platichthys flesus,Platichthys flesus,Platichthys,flesus,40.90169646,0.284927808,837.1626865,13.66009513,2.49041907,0.249598016,21.28569082,11.43947224,61,Demersal,Flounder,Demersal,Demersal,Pleuronectiformes,Pleuronectiformes,Demersal
Plectorhinchus mediterraneus,Plectorhinchus mediterraneus,Plectorhinchus,mediterraneus,61.70764504,0.21004962,2916.09553,21.25716464,4.562033626,0.371915952,34.64007681,20.93444553,33,Demersal,Rubberlip grunt,,Demersal,Perciformes,Other,Demersal
Pleuronectes platessa,Pleuronectes platessa,Pleuronectes,platessa,54.1674964,0.138225442,1752.775646,26.61249284,3.913002431,0.143922487,24.56793235,11.31441005,67,Demersal,Plaice,Demersal,Demersal,Pleuronectiformes,Pleuronectiformes,Demersal
Pollachius pollachius,Pollachius pollachius,Pollachius,pollachius,78.61653784,0.206110493,4823.438439,13.32540323,3.245919916,0.403529881,40.4817659,11.76149293,98,Benthopelagic,Pollack,Demersal,Demersal,Gadiformes,Gadiformes,Demersal
Pollachius virens,Pollachius virens,Pollachius,virens,118.8328116,0.135178766,18362.00759,24.46621588,5.279708306,0.213934974,62.06225357,8.775071601,126,Demersal,Saithe,Demersal,Demersal,Gadiformes,Gadiformes,Demersal
Polymetme corythaeola,Polymetme corythaeola,Polymetme,corythaeola,11.82691359,0.949212639,11.13879863,2.692742628,0.80075536,1.623109114,7.282843406,12.06347505,25,Benthopelagic,Rendezvous fish,,Demersal,Stomiiformes,Other,Demersal
Polymetme thaeocoryla,Polymetme thaeocoryla,Polymetme,thaeocoryla,11.82691359,0.949212639,11.13879863,2.692742628,0.80075536,1.623109114,7.282843406,12.06347505,21,Bathydemersal,Lightfish,,Demersal,Stomiiformes,Other,Demersal
Polyprion americanus,Polyprion americanus,Polyprion,americanus,128.5731163,0.079041631,35076.71312,36.15951811,10.28659502,0.131956242,75.40311689,15.42660393,62,Demersal,Wreckfish,,Demersal,Perciformes,Other,Demersal
Pomadasys incisus,Pomadasys incisus,Pomadasys,incisus,32.35322926,0.291920784,729.1377918,10.34448947,2.514943232,0.748605858,16.62864218,23.70747845,29,Demersal,Bastard grunt,,Demersal,Perciformes,Other,Demersal
Pomatomus saltatrix,Pomatomus saltatrix,Pomatomus,saltatrix,99.85379555,0.18544866,9538.00163,9.63929677,2.677902438,0.378864828,42.69898588,23.09414955,37,Pelagic,Bluefish,,Pelagic,Perciformes,Other,Pelagic
Pontinus kuhlii,Pontinus kuhlii,Pontinus,kuhlii,47.26281826,0.106435479,1218.81553,17.65403937,5.0929481,0.22272254,22.25533239,12.14949402,22,Bathydemersal,Offshore rockfish,,Demersal,Scorpaeniformes,Scorpaeniformes,Demersal
Poromitra capito,Poromitra capito,Poromitra,capito,20.14858006,0.241977526,86.68080214,9.082454539,2.726890883,0.493709747,11.49981703,13.57435428,10,Bathypelagic,Ridgehead,,Demersal,Stephanoberyciformes,Other,Pelagic
Protomyctophum arcticum,Protomyctophum arcticum,Protomyctophum,arcticum,9.461291883,0.657286867,8.326966067,3.568326793,1.11430565,1.49470543,5.712577048,15.12030665,6,Bathypelagic,Artic telescope,,Demersal,Myctophiformes,Other,Pelagic
Pteroplatytrygon violacea,Pteroplatytrygon violacea,Pteroplatytrygon,violacea,111.5147576,0.179425955,4123.966525,16.79355121,5.150554741,0.287905185,58.20872262,19.64736921,130,Pelagic,Pelagic stingray,,Pelagic,Myliobatiformes,Elasmobranchii,Pelagic
Pterycombus brama,Pterycombus brama,Pterycombus,brama,45.3072961,0.261209286,1031.757439,11.90282522,2.932725905,0.443826028,24.65146707,18.04590342,42,Pelagic,Atlantic fanfish,,Pelagic,Perciformes,Other,Pelagic
Raja asterias,Raja asterias,Raja,asterias,99.38040121,0.14946815,5559.074975,15.41779695,7.103181946,0.265035522,68.5612061,12.53261673,76,Demersal,Mediterranean starry ray,,Demersal,Rajiformes,Elasmobranchii,Demersal
Raja brachyura,Raja brachyura,Raja,brachyura,127.8663116,0.133145486,11030.88245,17.96808005,8.819621236,0.232908862,91.34169508,9.952162944,109,Demersal,Blond ray,Demersal,Demersal,Rajiformes,Elasmobranchii,Demersal
Raja clavata,Raja clavata,Raja,clavata,118.0339077,0.130670605,8409.870969,16.11804939,6.94973547,0.226459535,78.41138136,9.918039575,116,Demersal,Thornback ray,Demersal,Demersal,Rajiformes,Elasmobranchii,Demersal
Raja microocellata,Raja microocellata,Raja,microocellata,118.766823,0.118487944,9607.230824,18.21844069,8.590981839,0.220619797,79.78013562,11.89209379,89,Demersal,Small eyed ray,Demersal,Demersal,Rajiformes,Elasmobranchii,Demersal
Raja miraletus,Raja miraletus,Raja,miraletus,91.90384018,0.167759776,4454.335962,13.97371517,6.409773163,0.29750507,63.65896323,13.62499641,59,Demersal,Brown ray,,Demersal,Rajiformes,Elasmobranchii,Demersal
Raja montagui,Raja montagui,Raja,montagui,79.89800408,0.189917789,2702.206344,12.80096465,5.887921504,0.324263136,57.5508915,10.90693811,102,Demersal,Spotted ray,Demersal,Demersal,Rajiformes,Elasmobranchii,Demersal
Raja undulata,Raja undulata,Raja,undulata,104.0578049,0.138056004,7274.080308,15.85187258,7.367723942,0.263433594,69.14980277,16.38948148,101,Demersal,Undulate ray,Demersal,Demersal,Rajiformes,Elasmobranchii,Demersal
Rajella bathyphila,Rajella bathyphila,Rajella,bathyphila,104.3380965,0.140703815,6417.451776,15.87432149,7.81621934,0.254206491,69.10121897,14.06143674,110,Bathydemersal,Deepwater ray,,Demersal,Rajiformes,Elasmobranchii,Demersal
Rajella fyllae,Rajella fyllae,Rajella,fyllae,104.3380965,0.140703815,6417.451776,15.87432149,7.81621934,0.254206491,69.10121897,14.06143674,50,Bathydemersal,Round ray,,Demersal,Rajiformes,Elasmobranchii,Demersal
Raniceps raninus,Raniceps raninus,Raniceps,raninus,47.22264175,0.26134014,901.9334265,10.72488029,2.568437138,0.451890863,26.39969834,9.275841116,25,Demersal,Tadpole fish,Demersal,Demersal,Gadiformes,Gadiformes,Demersal
Ranzania laevis,Ranzania laevis,Ranzania,laevis,69.98273852,0.314537322,4264.27112,8.484071169,2.637595746,0.613274436,36.60859213,19.89721293,28,Pelagic,Slender sunfish,,Pelagic,Tetraodontiformes,Other,Pelagic
Remora remora,Remora remora,Remora,remora,38.5911169,0.352035021,627.0822865,9.393363702,2.283093115,0.582582066,21.37318379,19.62415505,13,Pelagic,Shark sucker,,Pelagic,Perciformes,Other,Pelagic
Rostroraja alba,Rostroraja alba,Rostroraja,alba,104.3380965,0.140703815,6417.451776,15.87432149,7.81621934,0.254206491,69.10121897,14.06143674,143,Demersal,White skate,,Demersal,Rajiformes,Elasmobranchii,Demersal
Ruvettus pretiosus,Ruvettus pretiosus,Ruvettus,pretiosus,52.0019582,0.276192504,1046.394165,12.18934701,2.940901329,0.422597733,28.53905158,17.00630775,75,Benthopelagic,Oilfish,,Demersal,Perciformes,Other,Demersal
Sagamichthys schnakenbecki,Sagamichthys schnakenbecki,Sagamichthys,schnakenbecki,29.49823837,0.513037129,153.980532,6.882901508,2.247890781,0.763983655,20.3280262,8.01840032,29,Bathypelagic,Schnakenbeck's searsid,,Demersal,Osmeriformes,Other,Pelagic
Salmo,Oreochromis niloticus,Oreochromis,niloticus,24.97865234,2.028049158,411.0415687,5.878644224,1.137615738,1.627238776,20.98252884,25.3208835,66,Benthopelagic,Salmo,,Demersal,Salmoniformes,Other,Other
Salmo salar,Salmo salar,Salmo,salar,135.8590141,0.284987922,20780.49272,7.719307539,2.684568617,0.578159609,64.61268217,10.45268957,72,Benthopelagic,Salmon,,Demersal,Salmoniformes,Other,Other
Salmo trutta trutta,Salmo trutta,Salmo,trutta,53.02987909,0.24839468,1723.863665,6.82795447,2.232177626,0.582116789,24.458788,9.484748396,72,Pelagic,Sea trout,,Pelagic,Salmoniformes,Other,Other
Sander lucioperca,Sander lucioperca,Sander,lucioperca,85.39194123,0.161135638,5265.33924,7.433603534,2.794542794,0.452824515,33.07696624,13.81105275,6,Pelagic,Pike perch,,Pelagic,Perciformes,Other,Pelagic
Sarda sarda,Sarda sarda,Sarda,sarda,79.36250668,0.447536727,4082.504205,3.368117064,1.189624815,0.9654786,37.08083596,15.89355632,58,Pelagic,Atlantic bonito,,Pelagic,Perciformes,Other,Pelagic
Sardina pilchardus,Sardina pilchardus,Sardina,pilchardus,20.26256051,0.403210641,62.42238445,8.359377626,2.550037652,0.483738303,13.93950038,18.20093568,31,Pelagic,Pilchard,,Pelagic,Clupeiformes,Other,Pelagic
Sardinella aurita,Sardinella aurita,Sardinella,aurita,28.45465944,0.49353392,186.0323814,6.894120585,2.340546266,0.77160976,18.70508903,17.38531306,34,Pelagic,Round sardinella,,Pelagic,Clupeiformes,Other,Pelagic
Sarpa salpa,Sarpa salpa,Sarpa,salpa,43.7354473,0.229101673,1292.256663,11.9484156,2.842162495,0.430449255,21.72822758,21.82240229,38,Benthopelagic,Salema,,Demersal,Perciformes,Other,Other
Schedophilus medusophagus,Schedophilus medusophagus,Schedophilus,medusophagus,47.32702481,0.284706775,1346.301138,10.7038666,2.704565078,0.476574167,26.12145673,15.87581815,58,Pelagic,Cornish blackfish,,Pelagic,Perciformes,Other,Pelagic
Schedophilus ovalis,Schedophilus ovalis,Schedophilus,ovalis,47.32702481,0.284706775,1346.301138,10.7038666,2.704565078,0.476574167,26.12145673,15.87581815,10,Benthopelagic,Imperial blackfish,,Demersal,Perciformes,Other,Demersal
Scomber colias,Scomber colias,Scomber,colias,48.24111472,0.343355522,1179.235135,9.221009788,2.51861829,0.474276751,29.1368587,17.79186096,42,Pelagic,Atlantic chub mackerel,,Pelagic,Perciformes,Other,Pelagic
Scomber scombrus,Scomber scombrus,Scomber,scombrus,41.247736,0.345137663,624.36989,13.81195946,3.030977034,0.287659478,28.86684178,11.49772214,56,Pelagic,Mackerel,,Pelagic,Perciformes,Other,Pelagic
Scomberesox saurus saurus,Scomberesox saurus,Scomberesox,saurus,30.29345474,0.647007675,176.445812,4.449495077,1.379356923,1.113405042,17.61826999,18.79558735,37,Pelagic,Atlantic saury,,Pelagic,Beloniformes,Other,Pelagic
Scophthalmus maximus,Scophthalmus maximus,Scophthalmus,maximus,55.79913949,0.262249922,2959.73763,15.64997185,2.698514009,0.348541495,26.30656907,13.62985701,88,Demersal,Turbot,Demersal,Demersal,Pleuronectiformes,Pleuronectiformes,Demersal
Scophthalmus rhombus,Scophthalmus rhombus,Scophthalmus,rhombus,43.18378933,0.434710512,978.1237187,7.239145517,1.42545909,0.676095998,19.30090634,18.70018275,65,Demersal,Brill,Demersal,Demersal,Pleuronectiformes,Pleuronectiformes,Demersal
Scorpaena,Oreochromis niloticus,Oreochromis,niloticus,24.97865234,2.028049158,411.0415687,5.878644224,1.137615738,1.627238776,20.98252884,25.3208835,41,Demersal,rockfishes,,Demersal,Scorpaeniformes,Scorpaeniformes,Demersal
Scorpaena elongata,Scorpaena elongata,Scorpaena,elongata,24.05688659,0.206027372,156.6904248,8.641330304,2.209792064,0.461490424,10.56343263,15.42850499,16,Demersal,Slender rockfish,,Demersal,Scorpaeniformes,Scorpaeniformes,Demersal
Scorpaena loppei,Scorpaena loppei,Scorpaena,loppei,13.53495635,0.353592888,28.14347079,5.439006976,1.361966021,0.772289835,6.308457624,16.54514047,18,Demersal,Cadenat's rockfish,,Demersal,Scorpaeniformes,Scorpaeniformes,Demersal
Scorpaena notata,Scorpaena notata,Scorpaena,notata,18.28465664,0.234503888,70.79775721,7.123607541,1.849547213,0.550308217,8.082809496,15.56367062,29,Demersal,Small red scorpionfish,,Demersal,Scorpaeniformes,Scorpaeniformes,Demersal
Scorpaena porcus,Scorpaena porcus,Scorpaena,porcus,32.21482613,0.141280096,338.4373013,8.432931396,2.107705353,0.388864717,11.45670031,14.33800249,36,Demersal,Black scorpionfish,,Demersal,Scorpaeniformes,Scorpaeniformes,Demersal
Scorpaena scrofa,Scorpaena scrofa,Scorpaena,scrofa,33.07690637,0.128762658,425.2676887,12.55185862,3.280453778,0.303248794,13.94058083,14.21587141,53,Demersal,Scorpionfish,Demersal,Demersal,Scorpaeniformes,Scorpaeniformes,Demersal
Scorpaenidae,Oreochromis niloticus,Oreochromis,niloticus,24.97865234,2.028049158,411.0415687,5.878644224,1.137615738,1.627238776,20.98252884,25.3208835,15,Demersal,Scorpionfish,,Demersal,Scorpaeniformes,Scorpaeniformes,Demersal
Scyliorhinus canicula,Scyliorhinus canicula,Scyliorhinus,canicula,76.30529516,0.212162433,1367.713032,12.05598049,4.199838314,0.320305921,47.02453505,12.09285126,115,Demersal,Lesser spotted dogfish,Demersal,Demersal,Carcharhiniformes,Elasmobranchii,Demersal
Scyliorhinus stellaris,Scyliorhinus stellaris,Scyliorhinus,stellaris,96.1463029,0.19551808,3205.251782,13.80519874,4.928273712,0.291094684,59.88560002,14.08999416,120,Demersal,Nurse hound,Demersal,Demersal,Carcharhiniformes,Elasmobranchii,Demersal
Scymnodon ringens,Scymnodon ringens,Scymnodon,ringens,117.9278776,0.09035523,9217.171365,28.98686186,13.3969301,0.155743659,78.29739416,13.21646287,134,Bathypelagic,Knifetooth dogfish,,Demersal,Squaliformes,Elasmobranchii,Pelagic
Searsia koefoedi,Searsia koefoedi,Searsia,koefoedi,24.21069433,0.516133742,96.5741107,6.511341356,2.139529462,0.821725565,16.58163805,10.21485386,11,Bathypelagic,Koefoed's searsid,,Demersal,Osmeriformes,Other,Pelagic
Sebastes mentella,Sebastes mentella,Sebastes,mentella,44.52927669,0.089559484,1444.371769,52.21386027,11.00418431,0.07709179,29.41643013,7.749724482,5,Bathypelagic,Redfish,,Demersal,Scorpaeniformes,Scorpaeniformes,Pelagic
Sebastes norvegicus,Sebastes norvegicus,Sebastes,norvegicus,46.12501473,0.095670437,1302.264476,55.7247531,11.2339071,0.075844031,31.03563263,7.945282208,73,Pelagic,Golden redfish,,Pelagic,Scorpaeniformes,Scorpaeniformes,Pelagic
Sebastes viviparus,Sebastes viviparus,Sebastes,viviparus,33.42146983,0.121618096,641.7959695,41.91349997,8.613672416,0.102429515,22.80895259,9.949916737,41,Demersal,Norway haddock,Demersal,Demersal,Scorpaeniformes,Scorpaeniformes,Demersal
Serranus cabrilla,Serranus cabrilla,Serranus,cabrilla,28.17015257,0.207981364,233.8943624,6.399602042,2.727501001,0.580232189,14.25556882,17.82510427,32,Demersal,Comber,,Demersal,Perciformes,Other,Demersal
Serranus hepatus,Serranus hepatus,Serranus,hepatus,15.33188147,0.286812527,58.81693509,7.71579449,2.976637402,0.672200504,9.272967295,21.30449817,27,Demersal,Brown comber,,Demersal,Perciformes,Other,Demersal
Serranus scriba,Serranus scriba,Serranus,scriba,31.04871955,0.204393135,368.264175,10.98595501,4.009523731,0.439704216,17.66970396,19.52397662,23,Demersal,Painted comber,,Demersal,Perciformes,Other,Demersal
Serrivomer beanii,Serrivomer beanii,Serrivomer,beanii,78.0686616,0.207702438,2252.525761,11.63210489,3.589112466,0.359447784,41.03335081,7.798861006,55,Bathypelagic,Stout sawpalate,,Demersal,Anguilliformes,Other,Pelagic
Setarches guentheri,Setarches guentheri,Setarches,guentheri,28.80686874,0.262679324,253.4129628,10.23034579,3.103068155,0.442474568,16.77810074,12.82630324,11,Benthopelagic,Channeled rockfish,,Demersal,Scorpaeniformes,Scorpaeniformes,Demersal
Sigmops bathyphilus,Sigmops bathyphilus,Sigmops,bathyphilus,13.91044324,0.614789683,18.97807762,4.249806138,1.250946448,1.037042866,8.692957952,8.838878553,21,Bathypelagic,Spark anglemouth,,Demersal,Stomiiformes,Other,Pelagic
Solea senegalensis,Solea senegalensis,Solea,senegalensis,52.02273506,0.20322428,1463.355088,20.95795455,3.783844433,0.195027056,31.55286239,13.65755637,47,Demersal,Senegalese sole,,Demersal,Pleuronectiformes,Pleuronectiformes,Demersal
Solea solea,Solea solea,Solea,solea,36.23978276,0.323983512,443.583893,11.85081796,1.5430785,0.285008418,19.25584933,16.07896134,54,Demersal,Dover sole,Demersal,Demersal,Pleuronectiformes,Pleuronectiformes,Demersal
Somniosus microcephalus,Somniosus microcephalus,Somniosus,microcephalus,117.9278776,0.09035523,9217.171365,28.98686186,13.3969301,0.155743659,78.29739416,13.21646287,155,Benthopelagic,Greenland shark,Demersal,Demersal,Squaliformes,Elasmobranchii,Demersal
Somniosus rostratus,Somniosus rostratus,Somniosus,rostratus,117.9278776,0.09035523,9217.171365,28.98686186,13.3969301,0.155743659,78.29739416,13.21646287,115,Bathydemersal,Little sleeper shark,,Demersal,Squaliformes,Elasmobranchii,Demersal
Sparus aurata,Sparus aurata,Sparus,aurata,54.80302332,0.251655866,2809.367084,12.45129871,3.049156934,0.408441381,29.41748331,18.61700946,66,Demersal,Gilthead seabream,,Demersal,Perciformes,Other,Demersal
Sphoeroides pachygaster,Sphoeroides pachygaster,Sphoeroides,pachygaster,28.84791608,0.526838726,707.1153474,5.790959184,1.78025448,1.015571187,17.54104354,19.53033641,47,Benthopelagic,Blunthead puffer,,Demersal,Tetraodontiformes,Other,Demersal
Sphyraena sphyraena,Sphyraena sphyraena,Sphyraena,sphyraena,52.00460609,0.255323368,562.6556659,10.62953777,2.738704073,0.479229319,25.71543272,21.40954013,41,Pelagic,European barracuda,,Pelagic,Perciformes,Other,Pelagic
Spicara maena,Spicara maena,Spicara,maena,20.50796212,0.278931957,98.39032352,8.971926869,2.056167447,0.53894913,10.45022842,18.69174331,23,Pelagic,Blotched picarel,,Pelagic,Perciformes,Other,Pelagic
Spicara smaris,Spicara smaris,Spicara,smaris,19.97602345,0.40886662,65.16424327,6.742644654,1.445293227,0.693212759,10.19665068,16.0522466,20,Pelagic,Picarel,,Pelagic,Perciformes,Other,Pelagic
Spinachia spinachia,Spinachia spinachia,Spinachia,spinachia,17.28241392,1.052740288,25.7584648,4.067103926,0.939206908,1.126313703,11.32315834,9.563893022,28,Benthopelagic,Fifteen spined stickleback,,Demersal,Gasterosteiformes,Other,Demersal
Spondyliosoma cantharus,Spondyliosoma cantharus,Spondyliosoma,cantharus,44.37744992,0.193887357,1883.887805,14.59640597,3.544044264,0.353728246,23.34832215,18.30121842,68,Benthopelagic,Black sea bream,Demersal,Demersal,Perciformes,Other,Demersal
Spratelloides,Oreochromis niloticus,Oreochromis,niloticus,24.97865234,2.028049158,411.0415687,5.878644224,1.137615738,1.627238776,20.98252884,25.3208835,16,Pelagic,Spratlike,,Pelagic,Clupeiformes,Other,Pelagic
Sprattus sprattus,Sprattus sprattus,Sprattus,sprattus,14.73508738,0.503824182,29.20961021,6.826337463,2.107595313,0.650798134,10.64992966,10.78760692,18,Pelagic,Sprat,,Pelagic,Clupeiformes,Other,Pelagic
Squalus acanthias,Squalus acanthias,Squalus,acanthias,115.7918559,0.078346143,5698.883245,24.70800525,13.89160222,0.143852766,74.83147405,9.634056819,128,Benthopelagic,Spurdog,Demersal,Demersal,Squaliformes,Elasmobranchii,Demersal
Squalus blainville,Squalus blainville,Squalus,blainville,100.1035103,0.099867433,3610.856161,19.28387653,9.157889847,0.199235451,57.35142303,13.41097539,80,Demersal,Longnose spurdog,,Demersal,Squaliformes,Elasmobranchii,Demersal
Squalus megalops,Squalus megalops,Squalus,megalops,82.20192665,0.068251853,2553.851245,28.90703443,16.01051854,0.135651572,55.7414419,9.964355777,72,Bathydemersal,Shortnose spurdog,,Demersal,Squaliformes,Elasmobranchii,Demersal
Squalus uyato,Centrophorus uyato,Centrophorus,uyato,123.2120879,0.067168203,11634.9398,39.04333406,18.93804776,0.116013177,85.81938944,11.55938933,86,Demersal,Little gulper shark,,Demersal,Squaliformes,Elasmobranchii,Demersal
Stomias boa boa,Stomias boa boa,Stomias,boa,NA,NA,NA,NA,NA,NA,NA,NA,29,Bathypelagic,Boa dragonfish,,Demersal,Stomiiformes,Other,Pelagic
Stomias boa ferox,Stomias boa ferox,Stomias,boa,NA,NA,NA,NA,NA,NA,NA,NA,23,Bathypelagic,Boa dragonfish,,Demersal,Stomiiformes,Other,Pelagic
Stromateus fiatola,Stromateus fiatola,Stromateus,fiatola,30.76839896,0.533157372,414.5684014,7.092118189,1.679181461,0.825380106,17.95697325,21.70981487,44,Benthopelagic,Blue butterfish,,Demersal,Perciformes,Other,Demersal
Symbolophorus veranyi,Symbolophorus veranyi,Symbolophorus,veranyi,11.30078532,0.521782221,13.00532899,4.672286039,1.421194611,1.06904048,6.956961677,11.03367736,11,Bathypelagic,Large-scale lantern fish,,Demersal,Myctophiformes,Other,Pelagic
Symphodus,Oreochromis niloticus,Oreochromis,niloticus,24.97865234,2.028049158,411.0415687,5.878644224,1.137615738,1.627238776,20.98252884,25.3208835,38,Demersal,wrasses,,Demersal,Perciformes,Other,Demersal
Symphodus bailloni,Symphodus bailloni,Symphodus,bailloni,17.51395229,0.410351895,71.78994179,6.29573787,1.605696903,0.909530482,9.166137984,17.18386479,23,Demersal,Baillon's wrasse,,Demersal,Perciformes,Other,Demersal
Symphodus melops,Symphodus melops,Symphodus,melops,22.77126542,0.306427937,149.9295118,8.03821637,1.909825562,0.6435612,11.26512663,13.27270994,25,Demersal,Corkwing wrasse,,Demersal,Perciformes,Other,Demersal
Symphodus roissali,Symphodus roissali,Symphodus,roissali,14.64738022,0.414173358,42.68502317,5.444858891,1.493676561,1.08582008,7.565164915,16.12861691,9,Demersal,Five-spotted wrasse,,Demersal,Perciformes,Other,Demersal
Symphurus nigrescens,Symphurus nigrescens,Symphurus,nigrescens,20.1645407,0.398470034,62.40237714,7.189854432,1.720545911,0.631362201,10.83893666,16.39435562,16,Demersal,Tonguesole,,Demersal,Pleuronectiformes,Pleuronectiformes,Demersal
Synaphobranchus kaupii,Synaphobranchus kaupii,Synaphobranchus,kaupii,94.10701419,0.209076224,4288.18749,12.24451535,3.640825039,0.346140862,48.07461051,12.57018067,45,Bathydemersal,Kaup's arrowtooth eel,,Demersal,Anguilliformes,Other,Demersal
Synchiropus phaeton,Synchiropus phaeton,Synchiropus,phaeton,31.60128006,0.401181482,274.5729155,7.505994415,2.002150917,0.711914844,17.9978704,18.4836859,25,Demersal,Phaeton dragonet,,Demersal,Perciformes,Other,Demersal
Syngnathus,Oreochromis niloticus,Oreochromis,niloticus,24.97865234,2.028049158,411.0415687,5.878644224,1.137615738,1.627238776,20.98252884,25.3208835,46,Demersal,pipefishes,Demersal,Demersal,Syngnathiformes,Other,Demersal
Syngnathus acus,Syngnathus acus,Syngnathus,acus,20.88065926,0.807409196,8.022398194,4.385803373,0.990369348,0.849678365,11.77515913,12.4365331,59,Demersal,Great pipefish,Demersal,Demersal,Syngnathiformes,Other,Demersal
Syngnathus rostellatus,Syngnathus rostellatus,Syngnathus,rostellatus,20.34980607,0.761323439,7.132054352,4.630969168,1.047026447,0.787361767,11.65207769,10.04934549,22,Demersal,Nilsson's pipefish,Demersal,Demersal,Syngnathiformes,Other,Demersal
Syngnathus typhle,Syngnathus typhle,Syngnathus,typhle,24.53706461,0.718705696,6.196651473,4.671288547,1.044893692,0.731191589,13.24501339,9.624100314,31,Demersal,Broad-nosed pipefish,Demersal,Demersal,Syngnathiformes,Other,Demersal
Taurulus bubalis,Taurulus bubalis,Taurulus,bubalis,18.91388808,0.235606751,106.1361835,9.840964287,3.050719707,0.42351521,11.39630415,8.386128089,24,Demersal,Sea scorpion,Demersal,Demersal,Scorpaeniformes,Scorpaeniformes,Demersal
Tetronarce nobiliana,Torpedo nobiliana,Torpedo,nobiliana,79.7320914,0.123108656,3279.626027,19.40996225,7.827746553,0.226295928,49.76902062,14.71495824,99,Benthopelagic,Electric ray,,Demersal,Torpediniformes,Elasmobranchii,Demersal
Thunnus thynnus,Thunnus thynnus,Thunnus,thynnus,351.1051451,0.097984141,660586.7264,24.72135393,7.821279459,0.152336188,175.5564134,15.86916669,53,Pelagic,Bluefin tuna,,Pelagic,Perciformes,Other,Pelagic
Torpedo marmorata,Torpedo marmorata,Torpedo,marmorata,79.7320914,0.123108656,3279.626027,19.40996225,7.827746553,0.226295928,49.76902062,14.71495824,59,Demersal,Marbled electric ray,,Demersal,Torpediniformes,Elasmobranchii,Demersal
Torpedo nobiliana,Torpedo nobiliana,Torpedo,nobiliana,79.7320914,0.123108656,3279.626027,19.40996225,7.827746553,0.226295928,49.76902062,14.71495824,175,Demersal,electric ray,,Demersal,Torpediniformes,Elasmobranchii,Demersal
Torpedo torpedo,Torpedo torpedo,Torpedo,torpedo,48.74582675,0.144358452,816.0646244,16.13830486,6.502096455,0.275482284,31.64746139,14.36964796,51,Demersal,Eyed electric ray,,Demersal,Torpediniformes,Elasmobranchii,Demersal
Trachinus draco,Trachinus draco,Trachinus,draco,38.5911169,0.352035021,627.0822865,9.393363702,2.283093115,0.582582066,21.37318379,19.62415505,45,Demersal,Greater weever,Demersal,Demersal,Perciformes,Other,Demersal
Trachipterus arcticus,Trachipterus arcticus,Trachipterus,arcticus,247.6903553,0.089365131,109258.2943,26.46500819,8.068957552,0.156123393,114.8738287,14.51520073,158,Bathypelagic,Dealfish,,Demersal,Lampriformes,Other,Pelagic
Trachipterus trachypterus,Trachipterus trachypterus,Trachipterus,trachypterus,150.4580967,0.125422866,25571.32677,19.38807287,5.846459219,0.22006799,73.07930458,15.01307414,79,Bathypelagic,Mediterranean dealfish,,Demersal,Lampriformes,Other,Pelagic
Trachurus mediterraneus,Trachurus mediterraneus,Trachurus,mediterraneus,36.80889131,0.277863827,521.6081089,14.36572218,3.081763253,0.426951451,20.81973669,16.43785353,55,Pelagic,Mediterranean horse mackerel,,Pelagic,Perciformes,Other,Pelagic
Trachurus picturatus,Trachurus picturatus,Trachurus,picturatus,55.76618729,0.172475143,1885.532885,16.8351845,4.134340195,0.357290441,28.05887667,16.84303805,42,Benthopelagic,Blue jack mackerel,,Demersal,Perciformes,Other,Demersal
Trachurus trachurus,Trachurus trachurus,Trachurus,trachurus,39.64945458,0.207891606,513.5418121,14.38513728,3.131582053,0.39121269,19.73729528,13.76546848,59,Pelagic,Horse mackerel,,Pelagic,Perciformes,Other,Pelagic
Trachyrincus murrayi,Trachyrincus murrayi,Trachyrincus,murrayi,50.97597438,0.182702596,802.1521469,19.45041879,5.474958011,0.29035802,31.02497051,13.47835357,17,Benthopelagic,Murray's rat tail,Demersal,Demersal,Gadiformes,Gadiformes,Demersal
Trachyrincus scabrus,Trachyrincus scabrus,Trachyrincus,scabrus,50.75615752,0.201763578,771.4186667,18.15143786,5.080412956,0.314354111,31.035419,13.83670868,57,Bathydemersal,Roughsnout grenadier,,Demersal,Gadiformes,Gadiformes,Demersal
Trachyscorpia cristulata cristulata,Trachyscorpia cristulata cristulata,Trachyscorpia,cristulata,NA,NA,NA,NA,NA,NA,NA,NA,13,Demersal,Atlantic thornyhead,,Demersal,Scorpaeniformes,Scorpaeniformes,Demersal
Trachyscorpia cristulata echinata,Trachyscorpia cristulata echinata,Trachyscorpia,cristulata,NA,NA,NA,NA,NA,NA,NA,NA,52,Bathydemersal,Spiny scorpionfish,,Demersal,Scorpaeniformes,Scorpaeniformes,Demersal
Trigla lyra,Trigla lyra,Trigla,lyra,55.25368674,0.2037895,1489.662856,9.899967934,3.592701009,0.421291079,27.71181327,14.24866665,56,Bathydemersal,Piper gurnard,,Demersal,Scorpaeniformes,Scorpaeniformes,Demersal
Trigloporus lastoviza,Trigloporus lastoviza,Trigloporus,lastoviza,38.38151047,0.348125929,610.0589422,16.46381934,4.389678366,0.398608285,26.02954733,14.12269385,41,Demersal,Streaked gurnard,Demersal,Demersal,Scorpaeniformes,Scorpaeniformes,Demersal
Triglops murrayi,Triglops murrayi,Triglops,murrayi,28.65432086,0.195455763,257.8629912,11.45116859,3.549361725,0.350568411,16.14222763,9.437469026,15,Demersal,Moustache sculpin,Demersal,Demersal,Scorpaeniformes,Scorpaeniformes,Demersal
Trisopterus esmarkii,Trisopterus esmarkii,Trisopterus,esmarkii,21.95839664,0.514346979,68.35078933,4.874708584,1.478824669,1.042197789,14.01689119,8.908801501,32,Benthopelagic,Norway pout,Demersal,Demersal,Gadiformes,Gadiformes,Demersal
Trisopterus luscus,Trisopterus luscus,Trisopterus,luscus,39.55717063,0.355656519,782.5128629,5.444225154,1.492698083,0.80012571,20.06086247,17.43925237,48,Benthopelagic,Bib,Demersal,Demersal,Gadiformes,Gadiformes,Demersal
Trisopterus minutus,Trisopterus minutus,Trisopterus,minutus,24.05497295,0.40566879,135.95889,5.273759821,1.509699179,0.943291769,13.6267922,12.66786737,33,Benthopelagic,Poor cod,Demersal,Demersal,Gadiformes,Gadiformes,Demersal
Umbrina canariensis,Umbrina canariensis,Umbrina,canariensis,57.01842854,0.279853493,1668.268558,11.13267426,2.8450061,0.462880429,30.88716453,16.91369691,47,Demersal,Canary drum,,Demersal,Perciformes,Other,Demersal
Umbrina cirrosa,Umbrina cirrosa,Umbrina,cirrosa,65.87740344,0.335267148,2471.670631,9.913721772,2.50591964,0.536501557,35.20494411,19.43943712,43,Demersal,Shi drum,,Demersal,Perciformes,Other,Demersal
Umbrina ronchus,Umbrina ronchus,Umbrina,ronchus,73.63448612,0.296008412,3527.655533,10.93579449,2.780991294,0.482552737,38.68414686,19.75265184,25,Demersal,Fusca drum,,Demersal,Perciformes,Other,Demersal
Uranoscopus scaber,Uranoscopus scaber,Uranoscopus,scaber,33.33959931,0.257399579,617.7479343,5.801246398,1.8070119,0.661223585,16.00990975,16.2039799,33,Demersal,Stargazer,,Demersal,Perciformes,Other,Demersal
Vinciguerria poweriae,Vinciguerria poweriae,Vinciguerria,poweriae,7.990280603,1.63560802,3.216117033,1.529716887,0.460922537,2.837099588,4.992249618,13.6063901,6,Bathypelagic,Power's deep-water bristle-mouth,,Demersal,Stomiiformes,Other,Pelagic
Xenodermichthys copei,Xenodermichthys copei,Xenodermichthys,copei,30.40921765,0.316931735,227.0602211,10.43192953,3.437746428,0.53422337,20.42301819,11.04302915,21,Bathypelagic,Bluntsnout smooth-head,,Demersal,Osmeriformes,Other,Pelagic
Xenolepidichthys dalgleishi,Xenolepidichthys dalgleishi,Xenolepidichthys,dalgleishi,40.31205458,0.215699346,818.0221528,12.80087106,3.929325352,0.372005571,24.19528993,14.27300475,15,Benthopelagic,Spotted tinselfish,,Demersal,Zeiformes,Other,Demersal
Xiphias gladius,Xiphias gladius,Xiphias,gladius,243.5880952,0.141541535,195456.2547,15.05408795,4.073982454,0.235887154,105.1018415,20.5698902,154,Pelagic,Swordfish,,Pelagic,Perciformes,Other,Pelagic
Zenion hololepis,Zenion hololepis,Zenion,hololepis,40.31205458,0.215699346,818.0221528,12.80087106,3.929325352,0.372005571,24.19528993,14.27300475,12,Bathydemersal,Zenion hololepis,,Demersal,Zeiformes,Other,Demersal
Zenopsis conchifer,Zenopsis conchifer,Zenopsis,conchifer,53.22474869,0.202859654,2059.438183,14.64764258,4.394390067,0.322586344,32.05406759,12.93991661,72,Benthopelagic,Silvery John dory,,Demersal,Zeiformes,Other,Demersal
Zeugopterus punctatus,Zeugopterus punctatus,Zeugopterus,punctatus,39.13470131,0.273074072,641.5644991,10.36003038,2.181535553,0.447863876,18.15806594,15.27173339,30,Demersal,Topknot,Demersal,Demersal,Pleuronectiformes,Pleuronectiformes,Demersal
Zeugopterus regius,Zeugopterus regius,Zeugopterus,regius,39.13470131,0.273074072,641.5644991,10.36003038,2.181535553,0.447863876,18.15806594,15.27173339,17,Demersal,Eckstrom's topknot,Demersal,Demersal,Pleuronectiformes,Pleuronectiformes,Demersal
Zeus faber,Zeus faber,Zeus,faber,54.03853061,0.238839519,2977.125516,14.17902989,4.046389908,0.343034319,33.68031164,13.00639141,99,Benthopelagic,John dory,Demersal,Demersal,Zeiformes,Other,Demersal
Zoarces viviparus,Zoarces viviparus,Zoarces,viviparus,34.52239373,0.242104485,203.1888259,10.73675802,2.803399864,0.450498867,18.67853683,9.458186968,29,Demersal,Viviparous blenny,Demersal,Demersal,Perciformes,Other,Demersal
Zoarcidae,Oreochromis niloticus,Oreochromis,niloticus,24.97865234,2.028049158,411.0415687,5.878644224,1.137615738,1.627238776,20.98252884,25.3208835,30,Bathydemersal,eelpouts,Demersal,Demersal,Perciformes,Other,Demersal
